-- phpMyAdmin SQL Dump
-- version 5.2.0
-- https://www.phpmyadmin.net/
--
-- Host: localhost:3306
-- Generation Time: Aug 16, 2024 at 10:04 AM
-- Server version: 8.0.30
-- PHP Version: 8.3.10

SET SQL_MODE = "NO_AUTO_VALUE_ON_ZERO";
START TRANSACTION;
SET time_zone = "+00:00";


/*!40101 SET @OLD_CHARACTER_SET_CLIENT=@@CHARACTER_SET_CLIENT */;
/*!40101 SET @OLD_CHARACTER_SET_RESULTS=@@CHARACTER_SET_RESULTS */;
/*!40101 SET @OLD_COLLATION_CONNECTION=@@COLLATION_CONNECTION */;
/*!40101 SET NAMES utf8mb4 */;

--
-- Database: `portal_ga`
--

-- --------------------------------------------------------

--
-- Table structure for table `areas`
--

CREATE TABLE `areas` (
  `id` bigint UNSIGNED NOT NULL,
  `area` varchar(255) COLLATE utf8mb4_unicode_ci NOT NULL,
  `standard_area` varchar(255) COLLATE utf8mb4_unicode_ci NOT NULL,
  `created_by` varchar(255) CHARACTER SET utf8mb4 COLLATE utf8mb4_unicode_ci DEFAULT NULL,
  `updated_by` varchar(255) CHARACTER SET utf8mb4 COLLATE utf8mb4_unicode_ci DEFAULT NULL,
  `created_at` timestamp NULL DEFAULT NULL,
  `updated_at` timestamp NULL DEFAULT NULL
) ENGINE=InnoDB DEFAULT CHARSET=utf8mb4 COLLATE=utf8mb4_unicode_ci;

--
-- Dumping data for table `areas`
--

INSERT INTO `areas` (`id`, `area`, `standard_area`, `created_by`, `updated_by`, `created_at`, `updated_at`) VALUES
(1, 'Bromo', 'BRM', NULL, NULL, '2024-08-14 02:37:24', NULL),
(2, 'Eder Miting lt 1', 'EDM', NULL, NULL, '2024-08-14 02:37:24', NULL),
(3, 'Future Lt.2', 'FL2', NULL, NULL, '2024-08-14 02:37:24', NULL),
(4, 'Innovation', 'INV', NULL, NULL, '2024-08-14 02:37:24', NULL),
(5, 'IQC', 'IQC', NULL, NULL, '2024-08-14 02:37:24', NULL),
(6, 'Kantin', 'KNT', NULL, NULL, '2024-08-14 02:37:24', NULL),
(7, 'Kerinci', 'KRN', NULL, NULL, '2024-08-14 02:37:24', NULL),
(8, 'Kojima', 'KOJ', NULL, NULL, '2024-08-14 02:37:24', NULL),
(9, 'Krakatau', 'KRR', NULL, NULL, '2024-08-14 02:37:24', NULL),
(10, 'Lawu', 'LAW', NULL, NULL, '2024-08-14 02:37:24', NULL),
(11, 'Lobby', 'LBY', NULL, NULL, '2024-08-14 02:37:24', NULL),
(12, 'Merbabu', 'MRB', NULL, NULL, '2024-08-14 02:37:24', NULL),
(13, 'Office Bawah', 'OFB', NULL, NULL, '2024-08-14 02:37:24', NULL),
(14, 'Prod 1', 'P1', NULL, NULL, '2024-08-14 02:37:24', NULL),
(15, 'Prod. 2 Gedung A', 'P2A', NULL, NULL, '2024-08-14 02:37:24', NULL),
(16, 'Prod. 2 Gedung B', 'P2B', NULL, NULL, '2024-08-14 02:37:24', NULL),
(17, 'Rinjani', 'RNJ', NULL, NULL, '2024-08-14 02:37:24', NULL),
(18, 'Sinabung', 'SBG', NULL, NULL, '2024-08-14 02:37:24', NULL),
(19, 'Tooling', 'TLG', NULL, NULL, '2024-08-14 02:37:24', NULL),
(20, 'Utility', 'UTL', NULL, NULL, '2024-08-14 02:37:24', NULL),
(21, 'WH FG', 'WHF', NULL, NULL, '2024-08-14 02:37:24', NULL),
(22, 'WH Receiving', 'WHR', NULL, NULL, '2024-08-14 02:37:24', NULL),
(23, 'Office Atas', 'OFA', NULL, NULL, '2024-08-14 02:37:24', NULL);

-- --------------------------------------------------------

--
-- Table structure for table `breezy_sessions`
--

CREATE TABLE `breezy_sessions` (
  `id` bigint UNSIGNED NOT NULL,
  `authenticatable_type` varchar(255) CHARACTER SET utf8mb4 COLLATE utf8mb4_unicode_ci NOT NULL,
  `authenticatable_id` bigint UNSIGNED NOT NULL,
  `panel_id` varchar(255) CHARACTER SET utf8mb4 COLLATE utf8mb4_unicode_ci DEFAULT NULL,
  `guard` varchar(255) CHARACTER SET utf8mb4 COLLATE utf8mb4_unicode_ci DEFAULT NULL,
  `ip_address` varchar(45) CHARACTER SET utf8mb4 COLLATE utf8mb4_unicode_ci DEFAULT NULL,
  `user_agent` text CHARACTER SET utf8mb4 COLLATE utf8mb4_unicode_ci,
  `expires_at` timestamp NULL DEFAULT NULL,
  `two_factor_secret` text CHARACTER SET utf8mb4 COLLATE utf8mb4_unicode_ci,
  `two_factor_recovery_codes` text CHARACTER SET utf8mb4 COLLATE utf8mb4_unicode_ci,
  `two_factor_confirmed_at` timestamp NULL DEFAULT NULL,
  `created_at` timestamp NULL DEFAULT NULL,
  `updated_at` timestamp NULL DEFAULT NULL
) ENGINE=InnoDB DEFAULT CHARSET=utf8mb4 COLLATE=utf8mb4_unicode_ci;

--
-- Dumping data for table `breezy_sessions`
--

INSERT INTO `breezy_sessions` (`id`, `authenticatable_type`, `authenticatable_id`, `panel_id`, `guard`, `ip_address`, `user_agent`, `expires_at`, `two_factor_secret`, `two_factor_recovery_codes`, `two_factor_confirmed_at`, `created_at`, `updated_at`) VALUES
(1, 'App\\Models\\User', 1, NULL, NULL, NULL, NULL, NULL, 'eyJpdiI6Im5Jcm5YNGVnT25ON0NTS3VSSDZKR2c9PSIsInZhbHVlIjoiODJhSjZvSU0wZTJvUUZrR2x4SHVVUjNadnNaM3VrQTJYeGlVY1pNbVNmaz0iLCJtYWMiOiJkNzAxZWI4YWU5YzdmYTRkMzhmZmYyYzBmYzc1NzEwOWY1NGMxYTUzZmE3YTFjMGM5M2VlZDQ4NzdmMmI0MWM2IiwidGFnIjoiIn0=', 'eyJpdiI6ImVOc1NwdGpRY21kenZWNVIxNlhjSnc9PSIsInZhbHVlIjoicHBQdnA4VHlQN2FrZkU1MC91L0ZPcHhjWlAvTnJkV1ltYUpoTlZJKzBJcmxuREVTd1k0czNaS1UxT1hIRnE4bG5EVHJWRkpNVWt0QlNGNlpoM1RWTHFMenJ2emExU2RIR09ad3JMWUdiQUMzVXJGZlNuSnVuM0JzaFphU2pqcTZWY0xReWVqZlVUekM4SG1ySnBrMy9TSi9RT0hiVjRFcGRyRkpuVUM2K3FZbGFkZXlPR0x1OXdDMHpmT01OWFJpTkh4VjUwdmt6a2NjT04yZk1QeS9jcjVveVRLamFNbXBGc2NoWEovTDFrL3VOdU9FRkVvVnBrNnFlU2RoZ2prT1EvNFA0YmlRZ0pIUXQ1bkt2RmlsWHc9PSIsIm1hYyI6Ijk5Y2FkNjQ4NDUyMjhhYTdlOWFkYTc0YzRiMjVlN2Q1M2UxM2U2ZmYyZmRiZTY2ZDJlMzBlYjJhYWJjYjU5ZDIiLCJ0YWciOiIifQ==', '2024-08-11 05:14:15', '2024-08-11 05:13:49', '2024-08-11 05:14:26');

-- --------------------------------------------------------

--
-- Table structure for table `categories`
--

CREATE TABLE `categories` (
  `id` bigint UNSIGNED NOT NULL,
  `category` varchar(255) COLLATE utf8mb4_unicode_ci NOT NULL,
  `standard_category` varchar(255) COLLATE utf8mb4_unicode_ci NOT NULL,
  `created_by` varchar(255) COLLATE utf8mb4_unicode_ci DEFAULT NULL,
  `updated_by` varchar(255) COLLATE utf8mb4_unicode_ci DEFAULT NULL,
  `created_at` timestamp NULL DEFAULT NULL,
  `updated_at` timestamp NULL DEFAULT NULL
) ENGINE=InnoDB DEFAULT CHARSET=utf8mb4 COLLATE=utf8mb4_unicode_ci;

--
-- Dumping data for table `categories`
--

INSERT INTO `categories` (`id`, `category`, `standard_category`, `created_by`, `updated_by`, `created_at`, `updated_at`) VALUES
(1, 'Meja Office', 'MOF', NULL, NULL, '2024-08-14 02:38:03', NULL),
(2, 'Kursi Office', 'KOF', NULL, NULL, '2024-08-14 02:38:03', NULL),
(3, 'Papan Tulis', 'PPT', NULL, NULL, '2024-08-14 02:38:03', NULL),
(4, 'Kursi Besi', 'KBE', NULL, NULL, '2024-08-14 02:38:03', NULL),
(5, 'Kursi Bulat', 'KBU', NULL, NULL, '2024-08-14 02:38:03', NULL),
(6, 'Kursi Bulat A', 'KBA', NULL, NULL, '2024-08-14 02:38:03', NULL),
(7, 'Meja Besi', 'MBE', NULL, NULL, '2024-08-14 02:38:03', NULL),
(8, 'Lemari Tinggi', 'LTI', NULL, NULL, '2024-08-14 02:38:03', NULL),
(9, 'Kabinet 2 pintu', 'K2P', NULL, NULL, '2024-08-14 02:38:03', NULL),
(10, 'TV', 'TV', NULL, NULL, '2024-08-14 02:38:03', NULL),
(11, 'Meja Panjang', 'MPA', NULL, NULL, '2024-08-14 02:38:03', NULL),
(12, 'Infocus', 'INF', NULL, NULL, '2024-08-14 02:38:03', NULL),
(13, 'Meja Meeting Kayu', 'MMK', NULL, NULL, '2024-08-14 02:38:03', NULL),
(14, 'Meja Kotak Persegi', 'MKP', NULL, NULL, '2024-08-14 02:38:03', NULL),
(15, 'Kursi Meeting', 'KME', NULL, NULL, '2024-08-14 02:38:03', NULL),
(16, 'Kulkas Kecil', 'KK', NULL, NULL, '2024-08-14 02:38:03', NULL),
(17, 'Laci kecil ruang meeting', 'LKM', NULL, NULL, '2024-08-14 02:38:03', NULL),
(18, 'Kursi Bulat B', 'KBB', NULL, NULL, '2024-08-14 02:38:03', NULL),
(19, 'Kabinet Panjang', 'KPA', NULL, NULL, '2024-08-14 02:38:03', NULL),
(20, 'Kursi Manager', 'KMA', NULL, NULL, '2024-08-14 02:38:03', NULL),
(21, 'Meja Manager', 'MMA', NULL, NULL, '2024-08-14 02:38:03', NULL),
(22, 'lemari kotak kotak', 'LKK', NULL, NULL, '2024-08-14 02:38:03', NULL),
(23, 'Kabinet 2 Pintu', 'L4P', NULL, NULL, '2024-08-14 02:38:03', NULL),
(24, 'Meja Resepsionis', 'MRE', NULL, NULL, '2024-08-14 02:38:03', NULL),
(25, 'Laci', 'LCI', NULL, NULL, '2024-08-14 02:38:03', NULL),
(26, 'Kulkas Besar Pantry', 'KBP', NULL, NULL, '2024-08-14 02:38:03', NULL),
(27, 'Dispenser', 'DIS', NULL, NULL, '2024-08-14 02:38:03', NULL),
(28, 'Kabinet 2 Pintu Tutup', 'K2T', NULL, NULL, '2024-08-14 02:38:03', NULL),
(29, 'Lemari 3 Pintu', 'L3P', NULL, NULL, '2024-08-14 02:38:03', NULL),
(30, 'Kabinet Panjang Hitam', 'KPI', NULL, NULL, '2024-08-14 02:38:03', NULL),
(31, 'Meja Lebar', 'MLE', NULL, NULL, '2024-08-14 02:38:03', NULL),
(32, 'Meja Kecil', 'MKC', NULL, NULL, '2024-08-14 02:38:03', NULL),
(33, 'Meja Besar', 'MBE', NULL, '27', '2024-08-14 02:38:03', '2024-08-13 20:15:02');

-- --------------------------------------------------------

--
-- Table structure for table `data_fasilitas`
--

CREATE TABLE `data_fasilitas` (
  `id` bigint UNSIGNED NOT NULL,
  `area_id` bigint UNSIGNED NOT NULL,
  `category_id` bigint UNSIGNED NOT NULL,
  `register_no` varchar(255) COLLATE utf8mb4_unicode_ci NOT NULL,
  `created_by` varchar(255) COLLATE utf8mb4_unicode_ci DEFAULT NULL,
  `updated_by` varchar(255) COLLATE utf8mb4_unicode_ci DEFAULT NULL,
  `created_at` timestamp NULL DEFAULT NULL,
  `updated_at` timestamp NULL DEFAULT NULL
) ENGINE=InnoDB DEFAULT CHARSET=utf8mb4 COLLATE=utf8mb4_unicode_ci;

--
-- Dumping data for table `data_fasilitas`
--

INSERT INTO `data_fasilitas` (`id`, `area_id`, `category_id`, `register_no`, `created_by`, `updated_by`, `created_at`, `updated_at`) VALUES
(1, 6, 11, 'KNT/MPA/2408-113', NULL, NULL, '2024-08-14 02:38:41', NULL),
(2, 6, 11, 'KNT/MPA/2408-114', NULL, NULL, '2024-08-14 02:38:41', NULL),
(3, 6, 11, 'KNT/MPA/2408-115', NULL, NULL, '2024-08-14 02:38:41', NULL),
(4, 6, 11, 'KNT/MPA/2408-116', NULL, NULL, '2024-08-14 02:38:41', NULL),
(5, 6, 11, 'KNT/MPA/2408-117', NULL, NULL, '2024-08-14 02:38:41', NULL),
(6, 6, 11, 'KNT/MPA/2408-118', NULL, NULL, '2024-08-14 02:38:41', NULL),
(7, 6, 11, 'KNT/MPA/2408-119', NULL, NULL, '2024-08-14 02:38:41', NULL),
(8, 6, 11, 'KNT/MPA/2408-120', NULL, NULL, '2024-08-14 02:38:41', NULL),
(9, 6, 11, 'KNT/MPA/2408-121', NULL, NULL, '2024-08-14 02:38:41', NULL),
(10, 6, 11, 'KNT/MPA/2408-122', NULL, NULL, '2024-08-14 02:38:41', NULL),
(11, 6, 11, 'KNT/MPA/2408-123', NULL, NULL, '2024-08-14 02:38:41', NULL),
(12, 6, 11, 'KNT/MPA/2408-124', NULL, NULL, '2024-08-14 02:38:41', NULL),
(13, 6, 11, 'KNT/MPA/2408-125', NULL, NULL, '2024-08-14 02:38:41', NULL),
(14, 6, 11, 'KNT/MPA/2408-126', NULL, NULL, '2024-08-14 02:38:41', NULL),
(15, 6, 11, 'KNT/MPA/2408-127', NULL, NULL, '2024-08-14 02:38:41', NULL),
(16, 6, 11, 'KNT/MPA/2408-128', NULL, NULL, '2024-08-14 02:38:41', NULL),
(17, 6, 11, 'KNT/MPA/2408-129', NULL, NULL, '2024-08-14 02:38:41', NULL),
(18, 6, 11, 'KNT/MPA/2408-130', NULL, NULL, '2024-08-14 02:38:41', NULL),
(19, 6, 11, 'KNT/MPA/2408-131', NULL, NULL, '2024-08-14 02:38:41', NULL),
(20, 6, 11, 'KNT/MPA/2408-132', NULL, NULL, '2024-08-14 02:38:41', NULL),
(21, 6, 11, 'KNT/MPA/2408-133', NULL, NULL, '2024-08-14 02:38:41', NULL),
(22, 6, 11, 'KNT/MPA/2408-134', NULL, NULL, '2024-08-14 02:38:41', NULL),
(23, 6, 11, 'KNT/MPA/2408-135', NULL, NULL, '2024-08-14 02:38:41', NULL),
(24, 6, 11, 'KNT/MPA/2408-136', NULL, NULL, '2024-08-14 02:38:41', NULL),
(25, 6, 11, 'KNT/MPA/2408-137', NULL, NULL, '2024-08-14 02:38:41', NULL),
(26, 6, 11, 'KNT/MPA/2408-138', NULL, NULL, '2024-08-14 02:38:41', NULL),
(27, 6, 11, 'KNT/MPA/2408-139', NULL, NULL, '2024-08-14 02:38:41', NULL),
(28, 6, 11, 'KNT/MPA/2408-140', NULL, NULL, '2024-08-14 02:38:41', NULL),
(29, 6, 11, 'KNT/MPA/2408-141', NULL, NULL, '2024-08-14 02:38:41', NULL),
(30, 6, 11, 'KNT/MPA/2408-142', NULL, NULL, '2024-08-14 02:38:41', NULL),
(31, 6, 11, 'KNT/MPA/2408-143', NULL, NULL, '2024-08-14 02:38:41', NULL),
(32, 6, 11, 'KNT/MPA/2408-144', NULL, NULL, '2024-08-14 02:38:41', NULL),
(33, 6, 11, 'KNT/MPA/2408-145', NULL, NULL, '2024-08-14 02:38:41', NULL),
(34, 6, 11, 'KNT/MPA/2408-146', NULL, NULL, '2024-08-14 02:38:41', NULL),
(35, 6, 11, 'KNT/MPA/2408-147', NULL, NULL, '2024-08-14 02:38:41', NULL),
(36, 6, 11, 'KNT/MPA/2408-148', NULL, NULL, '2024-08-14 02:38:41', NULL),
(37, 6, 11, 'KNT/MPA/2408-149', NULL, NULL, '2024-08-14 02:38:41', NULL),
(38, 6, 11, 'KNT/MPA/2408-150', NULL, NULL, '2024-08-14 02:38:41', NULL),
(39, 6, 11, 'KNT/MPA/2408-151', NULL, NULL, '2024-08-14 02:38:41', NULL),
(40, 6, 11, 'KNT/MPA/2408-152', NULL, NULL, '2024-08-14 02:38:41', NULL),
(41, 6, 11, 'KNT/MPA/2408-153', NULL, NULL, '2024-08-14 02:38:41', NULL),
(42, 6, 11, 'KNT/MPA/2408-154', NULL, NULL, '2024-08-14 02:38:41', NULL),
(43, 6, 11, 'KNT/MPA/2408-155', NULL, NULL, '2024-08-14 02:38:41', NULL),
(44, 6, 11, 'KNT/MPA/2408-156', NULL, NULL, '2024-08-14 02:38:41', NULL),
(45, 6, 11, 'KNT/MPA/2408-157', NULL, NULL, '2024-08-14 02:38:41', NULL),
(46, 6, 11, 'KNT/MPA/2408-158', NULL, NULL, '2024-08-14 02:38:41', NULL),
(47, 6, 11, 'KNT/MPA/2408-159', NULL, NULL, '2024-08-14 02:38:41', NULL),
(48, 6, 11, 'KNT/MPA/2408-160', NULL, NULL, '2024-08-14 02:38:41', NULL),
(49, 6, 11, 'KNT/MPA/2408-161', NULL, NULL, '2024-08-14 02:38:41', NULL),
(50, 6, 11, 'KNT/MPA/2408-162', NULL, NULL, '2024-08-14 02:38:41', NULL),
(51, 6, 11, 'KNT/MPA/2408-163', NULL, NULL, '2024-08-14 02:38:41', NULL),
(52, 6, 11, 'KNT/MPA/2408-164', NULL, NULL, '2024-08-14 02:38:41', NULL),
(53, 6, 11, 'KNT/MPA/2408-165', NULL, NULL, '2024-08-14 02:38:41', NULL),
(54, 6, 11, 'KNT/MPA/2408-166', NULL, NULL, '2024-08-14 02:38:41', NULL),
(55, 6, 11, 'KNT/MPA/2408-167', NULL, NULL, '2024-08-14 02:38:41', NULL),
(56, 6, 11, 'KNT/MPA/2408-168', NULL, NULL, '2024-08-14 02:38:41', NULL),
(57, 6, 11, 'KNT/MPA/2408-169', NULL, NULL, '2024-08-14 02:38:41', NULL),
(58, 6, 11, 'KNT/MPA/2408-170', NULL, NULL, '2024-08-14 02:38:41', NULL),
(59, 6, 11, 'KNT/MPA/2408-171', NULL, NULL, '2024-08-14 02:38:41', NULL),
(60, 6, 11, 'KNT/MPA/2408-172', NULL, NULL, '2024-08-14 02:38:41', NULL),
(61, 6, 11, 'KNT/MPA/2408-173', NULL, NULL, '2024-08-14 02:38:41', NULL),
(62, 6, 11, 'KNT/MPA/2408-174', NULL, NULL, '2024-08-14 02:38:41', NULL),
(63, 6, 11, 'KNT/MPA/2408-175', NULL, NULL, '2024-08-14 02:38:41', NULL),
(64, 6, 11, 'KNT/MPA/2408-176', NULL, NULL, '2024-08-14 02:38:41', NULL),
(65, 6, 11, 'KNT/MPA/2408-177', NULL, NULL, '2024-08-14 02:38:41', NULL),
(66, 6, 11, 'KNT/MPA/2408-178', NULL, NULL, '2024-08-14 02:38:41', NULL),
(67, 6, 11, 'KNT/MPA/2408-179', NULL, NULL, '2024-08-14 02:38:41', NULL),
(68, 6, 11, 'KNT/MPA/2408-180', NULL, NULL, '2024-08-14 02:38:41', NULL),
(69, 6, 11, 'KNT/MPA/2408-181', NULL, NULL, '2024-08-14 02:38:41', NULL),
(70, 6, 11, 'KNT/MPA/2408-182', NULL, NULL, '2024-08-14 02:38:41', NULL),
(71, 6, 11, 'KNT/MPA/2408-183', NULL, NULL, '2024-08-14 02:38:41', NULL),
(72, 6, 11, 'KNT/MPA/2408-184', NULL, NULL, '2024-08-14 02:38:41', NULL),
(73, 6, 11, 'KNT/MPA/2408-185', NULL, NULL, '2024-08-14 02:38:41', NULL),
(74, 6, 11, 'KNT/MPA/2408-186', NULL, NULL, '2024-08-14 02:38:41', NULL),
(75, 6, 11, 'KNT/MPA/2408-187', NULL, NULL, '2024-08-14 02:38:41', NULL),
(76, 6, 11, 'KNT/MPA/2408-188', NULL, NULL, '2024-08-14 02:38:41', NULL),
(77, 6, 11, 'KNT/MPA/2408-189', NULL, NULL, '2024-08-14 02:38:41', NULL),
(78, 6, 11, 'KNT/MPA/2408-190', NULL, NULL, '2024-08-14 02:38:41', NULL),
(79, 6, 11, 'KNT/MPA/2408-191', NULL, NULL, '2024-08-14 02:38:41', NULL),
(80, 6, 11, 'KNT/MPA/2408-192', NULL, NULL, '2024-08-14 02:38:41', NULL),
(81, 6, 11, 'KNT/MPA/2408-193', NULL, NULL, '2024-08-14 02:38:41', NULL),
(82, 6, 11, 'KNT/MPA/2408-194', NULL, NULL, '2024-08-14 02:38:41', NULL),
(83, 6, 11, 'KNT/MPA/2408-195', NULL, NULL, '2024-08-14 02:38:41', NULL),
(84, 6, 11, 'KNT/MPA/2408-196', NULL, NULL, '2024-08-14 02:38:41', NULL),
(85, 6, 11, 'KNT/MPA/2408-197', NULL, NULL, '2024-08-14 02:38:41', NULL),
(86, 6, 11, 'KNT/MPA/2408-198', NULL, NULL, '2024-08-14 02:38:41', NULL),
(87, 6, 11, 'KNT/MPA/2408-199', NULL, NULL, '2024-08-14 02:38:41', NULL),
(88, 6, 11, 'KNT/MPA/2408-200', NULL, NULL, '2024-08-14 02:38:41', NULL),
(89, 6, 11, 'KNT/MPA/2408-201', NULL, NULL, '2024-08-14 02:38:41', NULL),
(90, 6, 11, 'KNT/MPA/2408-202', NULL, NULL, '2024-08-14 02:38:41', NULL),
(91, 6, 11, 'KNT/MPA/2408-203', NULL, NULL, '2024-08-14 02:38:41', NULL),
(92, 6, 7, 'KNT/MBE/2408-001', NULL, NULL, '2024-08-14 02:38:41', NULL),
(93, 6, 7, 'KNT/MBE/2408-002', NULL, NULL, '2024-08-14 02:38:41', NULL),
(94, 6, 7, 'KNT/MBE/2408-003', NULL, NULL, '2024-08-14 02:38:41', NULL),
(95, 6, 6, 'KNT/KBA/2408-013', NULL, NULL, '2024-08-14 02:38:41', NULL),
(96, 6, 6, 'KNT/KBA/2408-014', NULL, NULL, '2024-08-14 02:38:41', NULL),
(97, 6, 6, 'KNT/KBA/2408-015', NULL, NULL, '2024-08-14 02:38:41', NULL),
(98, 6, 6, 'KNT/KBA/2408-016', NULL, NULL, '2024-08-14 02:38:41', NULL),
(99, 6, 6, 'KNT/KBA/2408-017', NULL, NULL, '2024-08-14 02:38:41', NULL),
(100, 6, 6, 'KNT/KBA/2408-018', NULL, NULL, '2024-08-14 02:38:41', NULL),
(101, 6, 6, 'KNT/KBA/2408-019', NULL, NULL, '2024-08-14 02:38:41', NULL),
(102, 6, 6, 'KNT/KBA/2408-020', NULL, NULL, '2024-08-14 02:38:41', NULL),
(103, 6, 6, 'KNT/KBA/2408-021', NULL, NULL, '2024-08-14 02:38:41', NULL),
(104, 6, 6, 'KNT/KBA/2408-022', NULL, NULL, '2024-08-14 02:38:41', NULL),
(105, 6, 6, 'KNT/KBA/2408-023', NULL, NULL, '2024-08-14 02:38:41', NULL),
(106, 6, 6, 'KNT/KBA/2408-024', NULL, NULL, '2024-08-14 02:38:41', NULL),
(107, 6, 6, 'KNT/KBA/2408-025', NULL, NULL, '2024-08-14 02:38:41', NULL),
(108, 6, 6, 'KNT/KBA/2408-026', NULL, NULL, '2024-08-14 02:38:41', NULL),
(109, 6, 6, 'KNT/KBA/2408-027', NULL, NULL, '2024-08-14 02:38:41', NULL),
(110, 6, 6, 'KNT/KBA/2408-028', NULL, NULL, '2024-08-14 02:38:41', NULL),
(111, 6, 6, 'KNT/KBA/2408-029', NULL, NULL, '2024-08-14 02:38:41', NULL),
(112, 6, 6, 'KNT/KBA/2408-030', NULL, NULL, '2024-08-14 02:38:41', NULL),
(113, 6, 6, 'KNT/KBA/2408-031', NULL, NULL, '2024-08-14 02:38:41', NULL),
(114, 6, 6, 'KNT/KBA/2408-032', NULL, NULL, '2024-08-14 02:38:41', NULL),
(115, 6, 6, 'KNT/KBA/2408-033', NULL, NULL, '2024-08-14 02:38:41', NULL),
(116, 6, 6, 'KNT/KBA/2408-034', NULL, NULL, '2024-08-14 02:38:41', NULL),
(117, 6, 6, 'KNT/KBA/2408-035', NULL, NULL, '2024-08-14 02:38:41', NULL),
(118, 6, 6, 'KNT/KBA/2408-036', NULL, NULL, '2024-08-14 02:38:41', NULL),
(119, 6, 6, 'KNT/KBA/2408-037', NULL, NULL, '2024-08-14 02:38:41', NULL),
(120, 6, 6, 'KNT/KBA/2408-038', NULL, NULL, '2024-08-14 02:38:41', NULL),
(121, 6, 6, 'KNT/KBA/2408-039', NULL, NULL, '2024-08-14 02:38:41', NULL),
(122, 6, 6, 'KNT/KBA/2408-040', NULL, NULL, '2024-08-14 02:38:41', NULL),
(123, 6, 6, 'KNT/KBA/2408-041', NULL, NULL, '2024-08-14 02:38:41', NULL),
(124, 6, 6, 'KNT/KBA/2408-042', NULL, NULL, '2024-08-14 02:38:41', NULL),
(125, 6, 6, 'KNT/KBA/2408-043', NULL, NULL, '2024-08-14 02:38:41', NULL),
(126, 6, 6, 'KNT/KBA/2408-044', NULL, NULL, '2024-08-14 02:38:41', NULL),
(127, 6, 6, 'KNT/KBA/2408-045', NULL, NULL, '2024-08-14 02:38:41', NULL),
(128, 6, 6, 'KNT/KBA/2408-046', NULL, NULL, '2024-08-14 02:38:41', NULL),
(129, 6, 6, 'KNT/KBA/2408-047', NULL, NULL, '2024-08-14 02:38:41', NULL),
(130, 6, 6, 'KNT/KBA/2408-048', NULL, NULL, '2024-08-14 02:38:41', NULL),
(131, 6, 6, 'KNT/KBA/2408-049', NULL, NULL, '2024-08-14 02:38:41', NULL),
(132, 6, 6, 'KNT/KBA/2408-050', NULL, NULL, '2024-08-14 02:38:41', NULL),
(133, 6, 6, 'KNT/KBA/2408-051', NULL, NULL, '2024-08-14 02:38:41', NULL),
(134, 6, 6, 'KNT/KBA/2408-052', NULL, NULL, '2024-08-14 02:38:41', NULL),
(135, 6, 6, 'KNT/KBA/2408-053', NULL, NULL, '2024-08-14 02:38:41', NULL),
(136, 6, 6, 'KNT/KBA/2408-054', NULL, NULL, '2024-08-14 02:38:41', NULL),
(137, 6, 6, 'KNT/KBA/2408-055', NULL, NULL, '2024-08-14 02:38:41', NULL),
(138, 6, 6, 'KNT/KBA/2408-056', NULL, NULL, '2024-08-14 02:38:41', NULL),
(139, 6, 6, 'KNT/KBA/2408-057', NULL, NULL, '2024-08-14 02:38:41', NULL),
(140, 6, 6, 'KNT/KBA/2408-058', NULL, NULL, '2024-08-14 02:38:41', NULL),
(141, 6, 6, 'KNT/KBA/2408-059', NULL, NULL, '2024-08-14 02:38:41', NULL),
(142, 6, 6, 'KNT/KBA/2408-060', NULL, NULL, '2024-08-14 02:38:41', NULL),
(143, 6, 6, 'KNT/KBA/2408-061', NULL, NULL, '2024-08-14 02:38:41', NULL),
(144, 6, 6, 'KNT/KBA/2408-062', NULL, NULL, '2024-08-14 02:38:41', NULL),
(145, 6, 6, 'KNT/KBA/2408-063', NULL, NULL, '2024-08-14 02:38:41', NULL),
(146, 6, 6, 'KNT/KBA/2408-064', NULL, NULL, '2024-08-14 02:38:41', NULL),
(147, 6, 6, 'KNT/KBA/2408-065', NULL, NULL, '2024-08-14 02:38:41', NULL),
(148, 6, 6, 'KNT/KBA/2408-066', NULL, NULL, '2024-08-14 02:38:41', NULL),
(149, 6, 6, 'KNT/KBA/2408-067', NULL, NULL, '2024-08-14 02:38:41', NULL),
(150, 6, 6, 'KNT/KBA/2408-068', NULL, NULL, '2024-08-14 02:38:41', NULL),
(151, 6, 6, 'KNT/KBA/2408-069', NULL, NULL, '2024-08-14 02:38:41', NULL),
(152, 6, 6, 'KNT/KBA/2408-070', NULL, NULL, '2024-08-14 02:38:41', NULL),
(153, 6, 6, 'KNT/KBA/2408-071', NULL, NULL, '2024-08-14 02:38:41', NULL),
(154, 6, 6, 'KNT/KBA/2408-072', NULL, NULL, '2024-08-14 02:38:41', NULL),
(155, 6, 6, 'KNT/KBA/2408-073', NULL, NULL, '2024-08-14 02:38:41', NULL),
(156, 6, 6, 'KNT/KBA/2408-074', NULL, NULL, '2024-08-14 02:38:41', NULL),
(157, 6, 6, 'KNT/KBA/2408-075', NULL, NULL, '2024-08-14 02:38:41', NULL),
(158, 6, 6, 'KNT/KBA/2408-076', NULL, NULL, '2024-08-14 02:38:41', NULL),
(159, 6, 6, 'KNT/KBA/2408-077', NULL, NULL, '2024-08-14 02:38:41', NULL),
(160, 6, 6, 'KNT/KBA/2408-078', NULL, NULL, '2024-08-14 02:38:41', NULL),
(161, 6, 6, 'KNT/KBA/2408-079', NULL, NULL, '2024-08-14 02:38:41', NULL),
(162, 6, 6, 'KNT/KBA/2408-080', NULL, NULL, '2024-08-14 02:38:41', NULL),
(163, 6, 6, 'KNT/KBA/2408-081', NULL, NULL, '2024-08-14 02:38:41', NULL),
(164, 6, 6, 'KNT/KBA/2408-082', NULL, NULL, '2024-08-14 02:38:41', NULL),
(165, 6, 6, 'KNT/KBA/2408-083', NULL, NULL, '2024-08-14 02:38:41', NULL),
(166, 6, 6, 'KNT/KBA/2408-084', NULL, NULL, '2024-08-14 02:38:41', NULL),
(167, 6, 6, 'KNT/KBA/2408-085', NULL, NULL, '2024-08-14 02:38:41', NULL),
(168, 6, 6, 'KNT/KBA/2408-086', NULL, NULL, '2024-08-14 02:38:41', NULL),
(169, 6, 6, 'KNT/KBA/2408-087', NULL, NULL, '2024-08-14 02:38:41', NULL),
(170, 6, 6, 'KNT/KBA/2408-088', NULL, NULL, '2024-08-14 02:38:41', NULL),
(171, 6, 6, 'KNT/KBA/2408-089', NULL, NULL, '2024-08-14 02:38:41', NULL),
(172, 6, 6, 'KNT/KBA/2408-090', NULL, NULL, '2024-08-14 02:38:41', NULL),
(173, 6, 6, 'KNT/KBA/2408-091', NULL, NULL, '2024-08-14 02:38:41', NULL),
(174, 6, 6, 'KNT/KBA/2408-092', NULL, NULL, '2024-08-14 02:38:41', NULL),
(175, 6, 6, 'KNT/KBA/2408-093', NULL, NULL, '2024-08-14 02:38:41', NULL),
(176, 6, 6, 'KNT/KBA/2408-094', NULL, NULL, '2024-08-14 02:38:41', NULL),
(177, 6, 6, 'KNT/KBA/2408-095', NULL, NULL, '2024-08-14 02:38:41', NULL),
(178, 6, 6, 'KNT/KBA/2408-096', NULL, NULL, '2024-08-14 02:38:41', NULL),
(179, 6, 6, 'KNT/KBA/2408-097', NULL, NULL, '2024-08-14 02:38:41', NULL),
(180, 6, 6, 'KNT/KBA/2408-098', NULL, NULL, '2024-08-14 02:38:41', NULL),
(181, 6, 6, 'KNT/KBA/2408-099', NULL, NULL, '2024-08-14 02:38:41', NULL),
(182, 6, 6, 'KNT/KBA/2408-100', NULL, NULL, '2024-08-14 02:38:41', NULL),
(183, 6, 6, 'KNT/KBA/2408-101', NULL, NULL, '2024-08-14 02:38:41', NULL),
(184, 6, 6, 'KNT/KBA/2408-102', NULL, NULL, '2024-08-14 02:38:41', NULL),
(185, 6, 6, 'KNT/KBA/2408-103', NULL, NULL, '2024-08-14 02:38:41', NULL),
(186, 6, 6, 'KNT/KBA/2408-104', NULL, NULL, '2024-08-14 02:38:41', NULL),
(187, 6, 6, 'KNT/KBA/2408-105', NULL, NULL, '2024-08-14 02:38:41', NULL),
(188, 6, 6, 'KNT/KBA/2408-106', NULL, NULL, '2024-08-14 02:38:41', NULL),
(189, 6, 6, 'KNT/KBA/2408-107', NULL, NULL, '2024-08-14 02:38:41', NULL),
(190, 6, 6, 'KNT/KBA/2408-108', NULL, NULL, '2024-08-14 02:38:41', NULL),
(191, 6, 6, 'KNT/KBA/2408-109', NULL, NULL, '2024-08-14 02:38:41', NULL),
(192, 6, 6, 'KNT/KBA/2408-110', NULL, NULL, '2024-08-14 02:38:41', NULL),
(193, 6, 6, 'KNT/KBA/2408-111', NULL, NULL, '2024-08-14 02:38:41', NULL),
(194, 6, 6, 'KNT/KBA/2408-112', NULL, NULL, '2024-08-14 02:38:41', NULL),
(195, 6, 6, 'KNT/KBA/2408-113', NULL, NULL, '2024-08-14 02:38:41', NULL),
(196, 6, 6, 'KNT/KBA/2408-114', NULL, NULL, '2024-08-14 02:38:41', NULL),
(197, 6, 6, 'KNT/KBA/2408-115', NULL, NULL, '2024-08-14 02:38:41', NULL),
(198, 6, 6, 'KNT/KBA/2408-116', NULL, NULL, '2024-08-14 02:38:41', NULL),
(199, 6, 6, 'KNT/KBA/2408-117', NULL, NULL, '2024-08-14 02:38:41', NULL),
(200, 6, 6, 'KNT/KBA/2408-118', NULL, NULL, '2024-08-14 02:38:41', NULL),
(201, 6, 6, 'KNT/KBA/2408-119', NULL, NULL, '2024-08-14 02:38:41', NULL),
(202, 6, 6, 'KNT/KBA/2408-120', NULL, NULL, '2024-08-14 02:38:41', NULL),
(203, 6, 6, 'KNT/KBA/2408-121', NULL, NULL, '2024-08-14 02:38:41', NULL),
(204, 6, 6, 'KNT/KBA/2408-122', NULL, NULL, '2024-08-14 02:38:41', NULL),
(205, 6, 6, 'KNT/KBA/2408-123', NULL, NULL, '2024-08-14 02:38:41', NULL),
(206, 6, 6, 'KNT/KBA/2408-124', NULL, NULL, '2024-08-14 02:38:41', NULL),
(207, 6, 6, 'KNT/KBA/2408-125', NULL, NULL, '2024-08-14 02:38:41', NULL),
(208, 6, 6, 'KNT/KBA/2408-126', NULL, NULL, '2024-08-14 02:38:41', NULL),
(209, 6, 6, 'KNT/KBA/2408-127', NULL, NULL, '2024-08-14 02:38:41', NULL),
(210, 6, 6, 'KNT/KBA/2408-128', NULL, NULL, '2024-08-14 02:38:41', NULL),
(211, 6, 6, 'KNT/KBA/2408-129', NULL, NULL, '2024-08-14 02:38:41', NULL),
(212, 6, 6, 'KNT/KBA/2408-130', NULL, NULL, '2024-08-14 02:38:41', NULL),
(213, 6, 6, 'KNT/KBA/2408-131', NULL, NULL, '2024-08-14 02:38:41', NULL),
(214, 6, 6, 'KNT/KBA/2408-132', NULL, NULL, '2024-08-14 02:38:41', NULL),
(215, 6, 6, 'KNT/KBA/2408-133', NULL, NULL, '2024-08-14 02:38:41', NULL),
(216, 6, 6, 'KNT/KBA/2408-134', NULL, NULL, '2024-08-14 02:38:41', NULL),
(217, 6, 6, 'KNT/KBA/2408-135', NULL, NULL, '2024-08-14 02:38:41', NULL),
(218, 6, 6, 'KNT/KBA/2408-136', NULL, NULL, '2024-08-14 02:38:41', NULL),
(219, 6, 6, 'KNT/KBA/2408-137', NULL, NULL, '2024-08-14 02:38:41', NULL),
(220, 6, 6, 'KNT/KBA/2408-138', NULL, NULL, '2024-08-14 02:38:41', NULL),
(221, 6, 6, 'KNT/KBA/2408-139', NULL, NULL, '2024-08-14 02:38:41', NULL),
(222, 6, 6, 'KNT/KBA/2408-140', NULL, NULL, '2024-08-14 02:38:41', NULL),
(223, 6, 6, 'KNT/KBA/2408-141', NULL, NULL, '2024-08-14 02:38:41', NULL),
(224, 6, 6, 'KNT/KBA/2408-142', NULL, NULL, '2024-08-14 02:38:41', NULL),
(225, 6, 6, 'KNT/KBA/2408-143', NULL, NULL, '2024-08-14 02:38:41', NULL),
(226, 6, 6, 'KNT/KBA/2408-144', NULL, NULL, '2024-08-14 02:38:41', NULL),
(227, 6, 6, 'KNT/KBA/2408-145', NULL, NULL, '2024-08-14 02:38:41', NULL),
(228, 6, 6, 'KNT/KBA/2408-146', NULL, NULL, '2024-08-14 02:38:41', NULL),
(229, 6, 6, 'KNT/KBA/2408-147', NULL, NULL, '2024-08-14 02:38:41', NULL),
(230, 6, 6, 'KNT/KBA/2408-148', NULL, NULL, '2024-08-14 02:38:41', NULL),
(231, 6, 6, 'KNT/KBA/2408-149', NULL, NULL, '2024-08-14 02:38:41', NULL),
(232, 6, 6, 'KNT/KBA/2408-150', NULL, NULL, '2024-08-14 02:38:41', NULL),
(233, 6, 6, 'KNT/KBA/2408-151', NULL, NULL, '2024-08-14 02:38:41', NULL),
(234, 6, 6, 'KNT/KBA/2408-152', NULL, NULL, '2024-08-14 02:38:41', NULL),
(235, 6, 6, 'KNT/KBA/2408-153', NULL, NULL, '2024-08-14 02:38:41', NULL),
(236, 6, 6, 'KNT/KBA/2408-154', NULL, NULL, '2024-08-14 02:38:41', NULL),
(237, 6, 6, 'KNT/KBA/2408-155', NULL, NULL, '2024-08-14 02:38:41', NULL),
(238, 6, 6, 'KNT/KBA/2408-156', NULL, NULL, '2024-08-14 02:38:41', NULL),
(239, 6, 6, 'KNT/KBA/2408-157', NULL, NULL, '2024-08-14 02:38:41', NULL),
(240, 6, 6, 'KNT/KBA/2408-158', NULL, NULL, '2024-08-14 02:38:41', NULL),
(241, 6, 6, 'KNT/KBA/2408-159', NULL, NULL, '2024-08-14 02:38:41', NULL),
(242, 6, 6, 'KNT/KBA/2408-160', NULL, NULL, '2024-08-14 02:38:41', NULL),
(243, 6, 6, 'KNT/KBA/2408-161', NULL, NULL, '2024-08-14 02:38:41', NULL),
(244, 6, 6, 'KNT/KBA/2408-162', NULL, NULL, '2024-08-14 02:38:41', NULL),
(245, 6, 6, 'KNT/KBA/2408-163', NULL, NULL, '2024-08-14 02:38:41', NULL),
(246, 6, 6, 'KNT/KBA/2408-164', NULL, NULL, '2024-08-14 02:38:41', NULL),
(247, 6, 6, 'KNT/KBA/2408-165', NULL, NULL, '2024-08-14 02:38:41', NULL),
(248, 6, 6, 'KNT/KBA/2408-166', NULL, NULL, '2024-08-14 02:38:41', NULL),
(249, 6, 6, 'KNT/KBA/2408-167', NULL, NULL, '2024-08-14 02:38:41', NULL),
(250, 6, 6, 'KNT/KBA/2408-168', NULL, NULL, '2024-08-14 02:38:41', NULL),
(251, 6, 6, 'KNT/KBA/2408-169', NULL, NULL, '2024-08-14 02:38:41', NULL),
(252, 6, 6, 'KNT/KBA/2408-170', NULL, NULL, '2024-08-14 02:38:41', NULL),
(253, 6, 6, 'KNT/KBA/2408-171', NULL, NULL, '2024-08-14 02:38:41', NULL),
(254, 6, 6, 'KNT/KBA/2408-172', NULL, NULL, '2024-08-14 02:38:41', NULL),
(255, 6, 6, 'KNT/KBA/2408-173', NULL, NULL, '2024-08-14 02:38:41', NULL),
(256, 6, 6, 'KNT/KBA/2408-174', NULL, NULL, '2024-08-14 02:38:41', NULL),
(257, 6, 6, 'KNT/KBA/2408-175', NULL, NULL, '2024-08-14 02:38:41', NULL),
(258, 6, 6, 'KNT/KBA/2408-176', NULL, NULL, '2024-08-14 02:38:41', NULL),
(259, 6, 6, 'KNT/KBA/2408-177', NULL, NULL, '2024-08-14 02:38:41', NULL),
(260, 6, 6, 'KNT/KBA/2408-178', NULL, NULL, '2024-08-14 02:38:41', NULL),
(261, 6, 6, 'KNT/KBA/2408-179', NULL, NULL, '2024-08-14 02:38:41', NULL),
(262, 6, 6, 'KNT/KBA/2408-180', NULL, NULL, '2024-08-14 02:38:41', NULL),
(263, 6, 6, 'KNT/KBA/2408-181', NULL, NULL, '2024-08-14 02:38:41', NULL),
(264, 6, 6, 'KNT/KBA/2408-182', NULL, NULL, '2024-08-14 02:38:41', NULL),
(265, 6, 6, 'KNT/KBA/2408-183', NULL, NULL, '2024-08-14 02:38:41', NULL),
(266, 6, 6, 'KNT/KBA/2408-184', NULL, NULL, '2024-08-14 02:38:41', NULL),
(267, 6, 6, 'KNT/KBA/2408-185', NULL, NULL, '2024-08-14 02:38:41', NULL),
(268, 6, 6, 'KNT/KBA/2408-186', NULL, NULL, '2024-08-14 02:38:41', NULL),
(269, 6, 6, 'KNT/KBA/2408-187', NULL, NULL, '2024-08-14 02:38:41', NULL),
(270, 6, 6, 'KNT/KBA/2408-188', NULL, NULL, '2024-08-14 02:38:41', NULL),
(271, 6, 6, 'KNT/KBA/2408-189', NULL, NULL, '2024-08-14 02:38:41', NULL),
(272, 6, 6, 'KNT/KBA/2408-190', NULL, NULL, '2024-08-14 02:38:41', NULL),
(273, 6, 6, 'KNT/KBA/2408-191', NULL, NULL, '2024-08-14 02:38:41', NULL),
(274, 6, 6, 'KNT/KBA/2408-192', NULL, NULL, '2024-08-14 02:38:41', NULL),
(275, 6, 6, 'KNT/KBA/2408-193', NULL, NULL, '2024-08-14 02:38:41', NULL),
(276, 6, 6, 'KNT/KBA/2408-194', NULL, NULL, '2024-08-14 02:38:41', NULL),
(277, 6, 6, 'KNT/KBA/2408-195', NULL, NULL, '2024-08-14 02:38:41', NULL),
(278, 6, 6, 'KNT/KBA/2408-196', NULL, NULL, '2024-08-14 02:38:41', NULL),
(279, 6, 6, 'KNT/KBA/2408-197', NULL, NULL, '2024-08-14 02:38:41', NULL),
(280, 6, 6, 'KNT/KBA/2408-198', NULL, NULL, '2024-08-14 02:38:41', NULL),
(281, 6, 6, 'KNT/KBA/2408-199', NULL, NULL, '2024-08-14 02:38:41', NULL),
(282, 6, 6, 'KNT/KBA/2408-200', NULL, NULL, '2024-08-14 02:38:41', NULL),
(283, 6, 6, 'KNT/KBA/2408-201', NULL, NULL, '2024-08-14 02:38:41', NULL),
(284, 6, 6, 'KNT/KBA/2408-202', NULL, NULL, '2024-08-14 02:38:41', NULL),
(285, 6, 6, 'KNT/KBA/2408-203', NULL, NULL, '2024-08-14 02:38:41', NULL),
(286, 6, 6, 'KNT/KBA/2408-204', NULL, NULL, '2024-08-14 02:38:41', NULL),
(287, 6, 6, 'KNT/KBA/2408-205', NULL, NULL, '2024-08-14 02:38:41', NULL),
(288, 6, 6, 'KNT/KBA/2408-206', NULL, NULL, '2024-08-14 02:38:41', NULL),
(289, 6, 6, 'KNT/KBA/2408-207', NULL, NULL, '2024-08-14 02:38:41', NULL),
(290, 6, 6, 'KNT/KBA/2408-208', NULL, NULL, '2024-08-14 02:38:41', NULL),
(291, 6, 6, 'KNT/KBA/2408-209', NULL, NULL, '2024-08-14 02:38:41', NULL),
(292, 6, 6, 'KNT/KBA/2408-210', NULL, NULL, '2024-08-14 02:38:41', NULL),
(293, 6, 6, 'KNT/KBA/2408-211', NULL, NULL, '2024-08-14 02:38:41', NULL),
(294, 6, 6, 'KNT/KBA/2408-212', NULL, NULL, '2024-08-14 02:38:41', NULL),
(295, 6, 6, 'KNT/KBA/2408-213', NULL, NULL, '2024-08-14 02:38:41', NULL),
(296, 6, 6, 'KNT/KBA/2408-214', NULL, NULL, '2024-08-14 02:38:41', NULL),
(297, 6, 6, 'KNT/KBA/2408-215', NULL, NULL, '2024-08-14 02:38:41', NULL),
(298, 6, 6, 'KNT/KBA/2408-216', NULL, NULL, '2024-08-14 02:38:41', NULL),
(299, 6, 6, 'KNT/KBA/2408-217', NULL, NULL, '2024-08-14 02:38:41', NULL),
(300, 6, 6, 'KNT/KBA/2408-218', NULL, NULL, '2024-08-14 02:38:41', NULL),
(301, 6, 6, 'KNT/KBA/2408-219', NULL, NULL, '2024-08-14 02:38:41', NULL),
(302, 6, 6, 'KNT/KBA/2408-220', NULL, NULL, '2024-08-14 02:38:41', NULL),
(303, 6, 6, 'KNT/KBA/2408-221', NULL, NULL, '2024-08-14 02:38:41', NULL),
(304, 6, 6, 'KNT/KBA/2408-222', NULL, NULL, '2024-08-14 02:38:41', NULL),
(305, 6, 6, 'KNT/KBA/2408-223', NULL, NULL, '2024-08-14 02:38:41', NULL),
(306, 6, 6, 'KNT/KBA/2408-224', NULL, NULL, '2024-08-14 02:38:41', NULL),
(307, 6, 6, 'KNT/KBA/2408-225', NULL, NULL, '2024-08-14 02:38:41', NULL),
(308, 6, 6, 'KNT/KBA/2408-226', NULL, NULL, '2024-08-14 02:38:41', NULL),
(309, 6, 6, 'KNT/KBA/2408-227', NULL, NULL, '2024-08-14 02:38:41', NULL),
(310, 6, 6, 'KNT/KBA/2408-228', NULL, NULL, '2024-08-14 02:38:41', NULL),
(311, 6, 6, 'KNT/KBA/2408-229', NULL, NULL, '2024-08-14 02:38:41', NULL),
(312, 6, 6, 'KNT/KBA/2408-230', NULL, NULL, '2024-08-14 02:38:41', NULL),
(313, 6, 6, 'KNT/KBA/2408-231', NULL, NULL, '2024-08-14 02:38:41', NULL),
(314, 6, 6, 'KNT/KBA/2408-232', NULL, NULL, '2024-08-14 02:38:41', NULL),
(315, 6, 6, 'KNT/KBA/2408-233', NULL, NULL, '2024-08-14 02:38:41', NULL),
(316, 6, 6, 'KNT/KBA/2408-234', NULL, NULL, '2024-08-14 02:38:41', NULL),
(317, 6, 6, 'KNT/KBA/2408-235', NULL, NULL, '2024-08-14 02:38:41', NULL),
(318, 6, 6, 'KNT/KBA/2408-236', NULL, NULL, '2024-08-14 02:38:41', NULL),
(319, 6, 6, 'KNT/KBA/2408-237', NULL, NULL, '2024-08-14 02:38:41', NULL),
(320, 6, 6, 'KNT/KBA/2408-238', NULL, NULL, '2024-08-14 02:38:41', NULL),
(321, 6, 6, 'KNT/KBA/2408-239', NULL, NULL, '2024-08-14 02:38:41', NULL),
(322, 6, 6, 'KNT/KBA/2408-240', NULL, NULL, '2024-08-14 02:38:41', NULL),
(323, 6, 6, 'KNT/KBA/2408-241', NULL, NULL, '2024-08-14 02:38:41', NULL),
(324, 6, 6, 'KNT/KBA/2408-242', NULL, NULL, '2024-08-14 02:38:41', NULL),
(325, 6, 6, 'KNT/KBA/2408-243', NULL, NULL, '2024-08-14 02:38:41', NULL),
(326, 6, 6, 'KNT/KBA/2408-244', NULL, NULL, '2024-08-14 02:38:41', NULL),
(327, 6, 6, 'KNT/KBA/2408-245', NULL, NULL, '2024-08-14 02:38:41', NULL),
(328, 6, 6, 'KNT/KBA/2408-246', NULL, NULL, '2024-08-14 02:38:41', NULL),
(329, 6, 6, 'KNT/KBA/2408-247', NULL, NULL, '2024-08-14 02:38:41', NULL),
(330, 6, 6, 'KNT/KBA/2408-248', NULL, NULL, '2024-08-14 02:38:41', NULL),
(331, 6, 6, 'KNT/KBA/2408-249', NULL, NULL, '2024-08-14 02:38:41', NULL),
(332, 6, 6, 'KNT/KBA/2408-250', NULL, NULL, '2024-08-14 02:38:41', NULL),
(333, 6, 6, 'KNT/KBA/2408-251', NULL, NULL, '2024-08-14 02:38:41', NULL),
(334, 6, 6, 'KNT/KBA/2408-252', NULL, NULL, '2024-08-14 02:38:41', NULL),
(335, 6, 6, 'KNT/KBA/2408-253', NULL, NULL, '2024-08-14 02:38:41', NULL),
(336, 6, 6, 'KNT/KBA/2408-254', NULL, NULL, '2024-08-14 02:38:41', NULL),
(337, 6, 6, 'KNT/KBA/2408-255', NULL, NULL, '2024-08-14 02:38:41', NULL),
(338, 6, 6, 'KNT/KBA/2408-256', NULL, NULL, '2024-08-14 02:38:41', NULL),
(339, 6, 6, 'KNT/KBA/2408-257', NULL, NULL, '2024-08-14 02:38:41', NULL),
(340, 6, 6, 'KNT/KBA/2408-258', NULL, NULL, '2024-08-14 02:38:41', NULL),
(341, 6, 6, 'KNT/KBA/2408-259', NULL, NULL, '2024-08-14 02:38:41', NULL),
(342, 6, 6, 'KNT/KBA/2408-260', NULL, NULL, '2024-08-14 02:38:41', NULL),
(343, 6, 6, 'KNT/KBA/2408-261', NULL, NULL, '2024-08-14 02:38:41', NULL),
(344, 6, 6, 'KNT/KBA/2408-262', NULL, NULL, '2024-08-14 02:38:41', NULL),
(345, 6, 6, 'KNT/KBA/2408-263', NULL, NULL, '2024-08-14 02:38:41', NULL),
(346, 6, 6, 'KNT/KBA/2408-264', NULL, NULL, '2024-08-14 02:38:41', NULL),
(347, 6, 6, 'KNT/KBA/2408-265', NULL, NULL, '2024-08-14 02:38:41', NULL),
(348, 6, 6, 'KNT/KBA/2408-266', NULL, NULL, '2024-08-14 02:38:41', NULL),
(349, 6, 6, 'KNT/KBA/2408-267', NULL, NULL, '2024-08-14 02:38:41', NULL),
(350, 6, 6, 'KNT/KBA/2408-268', NULL, NULL, '2024-08-14 02:38:41', NULL),
(351, 6, 6, 'KNT/KBA/2408-269', NULL, NULL, '2024-08-14 02:38:41', NULL),
(352, 6, 6, 'KNT/KBA/2408-270', NULL, NULL, '2024-08-14 02:38:41', NULL),
(353, 6, 6, 'KNT/KBA/2408-271', NULL, NULL, '2024-08-14 02:38:41', NULL),
(354, 6, 6, 'KNT/KBA/2408-272', NULL, NULL, '2024-08-14 02:38:41', NULL),
(355, 6, 6, 'KNT/KBA/2408-273', NULL, NULL, '2024-08-14 02:38:41', NULL),
(356, 6, 6, 'KNT/KBA/2408-274', NULL, NULL, '2024-08-14 02:38:41', NULL),
(357, 6, 6, 'KNT/KBA/2408-275', NULL, NULL, '2024-08-14 02:38:41', NULL),
(358, 6, 6, 'KNT/KBA/2408-276', NULL, NULL, '2024-08-14 02:38:41', NULL),
(359, 6, 6, 'KNT/KBA/2408-277', NULL, NULL, '2024-08-14 02:38:41', NULL),
(360, 6, 6, 'KNT/KBA/2408-278', NULL, NULL, '2024-08-14 02:38:41', NULL),
(361, 6, 6, 'KNT/KBA/2408-279', NULL, NULL, '2024-08-14 02:38:41', NULL),
(362, 6, 6, 'KNT/KBA/2408-280', NULL, NULL, '2024-08-14 02:38:41', NULL),
(363, 6, 6, 'KNT/KBA/2408-281', NULL, NULL, '2024-08-14 02:38:41', NULL),
(364, 6, 6, 'KNT/KBA/2408-282', NULL, NULL, '2024-08-14 02:38:41', NULL),
(365, 6, 6, 'KNT/KBA/2408-283', NULL, NULL, '2024-08-14 02:38:41', NULL),
(366, 6, 6, 'KNT/KBA/2408-284', NULL, NULL, '2024-08-14 02:38:41', NULL),
(367, 6, 6, 'KNT/KBA/2408-285', NULL, NULL, '2024-08-14 02:38:41', NULL),
(368, 6, 6, 'KNT/KBA/2408-286', NULL, NULL, '2024-08-14 02:38:41', NULL),
(369, 6, 6, 'KNT/KBA/2408-287', NULL, NULL, '2024-08-14 02:38:41', NULL),
(370, 6, 6, 'KNT/KBA/2408-288', NULL, NULL, '2024-08-14 02:38:41', NULL),
(371, 6, 6, 'KNT/KBA/2408-289', NULL, NULL, '2024-08-14 02:38:41', NULL),
(372, 6, 6, 'KNT/KBA/2408-290', NULL, NULL, '2024-08-14 02:38:41', NULL),
(373, 6, 6, 'KNT/KBA/2408-291', NULL, NULL, '2024-08-14 02:38:41', NULL),
(374, 6, 6, 'KNT/KBA/2408-292', NULL, NULL, '2024-08-14 02:38:41', NULL),
(375, 6, 6, 'KNT/KBA/2408-293', NULL, NULL, '2024-08-14 02:38:41', NULL),
(376, 6, 6, 'KNT/KBA/2408-294', NULL, NULL, '2024-08-14 02:38:41', NULL),
(377, 6, 6, 'KNT/KBA/2408-295', NULL, NULL, '2024-08-14 02:38:41', NULL),
(378, 6, 6, 'KNT/KBA/2408-296', NULL, NULL, '2024-08-14 02:38:41', NULL),
(379, 6, 6, 'KNT/KBA/2408-297', NULL, NULL, '2024-08-14 02:38:41', NULL),
(380, 6, 6, 'KNT/KBA/2408-298', NULL, NULL, '2024-08-14 02:38:41', NULL),
(381, 6, 6, 'KNT/KBA/2408-299', NULL, NULL, '2024-08-14 02:38:41', NULL),
(382, 6, 6, 'KNT/KBA/2408-300', NULL, NULL, '2024-08-14 02:38:41', NULL),
(383, 6, 6, 'KNT/KBA/2408-301', NULL, NULL, '2024-08-14 02:38:41', NULL),
(384, 6, 6, 'KNT/KBA/2408-302', NULL, NULL, '2024-08-14 02:38:41', NULL),
(385, 6, 6, 'KNT/KBA/2408-303', NULL, NULL, '2024-08-14 02:38:41', NULL),
(386, 6, 6, 'KNT/KBA/2408-304', NULL, NULL, '2024-08-14 02:38:41', NULL),
(387, 6, 6, 'KNT/KBA/2408-305', NULL, NULL, '2024-08-14 02:38:41', NULL),
(388, 6, 6, 'KNT/KBA/2408-306', NULL, NULL, '2024-08-14 02:38:41', NULL),
(389, 6, 6, 'KNT/KBA/2408-307', NULL, NULL, '2024-08-14 02:38:41', NULL),
(390, 6, 6, 'KNT/KBA/2408-308', NULL, NULL, '2024-08-14 02:38:41', NULL),
(391, 6, 6, 'KNT/KBA/2408-309', NULL, NULL, '2024-08-14 02:38:41', NULL),
(392, 6, 6, 'KNT/KBA/2408-310', NULL, NULL, '2024-08-14 02:38:41', NULL),
(393, 6, 6, 'KNT/KBA/2408-311', NULL, NULL, '2024-08-14 02:38:41', NULL),
(394, 6, 6, 'KNT/KBA/2408-312', NULL, NULL, '2024-08-14 02:38:41', NULL),
(395, 6, 6, 'KNT/KBA/2408-313', NULL, NULL, '2024-08-14 02:38:41', NULL),
(396, 6, 6, 'KNT/KBA/2408-314', NULL, NULL, '2024-08-14 02:38:41', NULL),
(397, 6, 6, 'KNT/KBA/2408-315', NULL, NULL, '2024-08-14 02:38:41', NULL),
(398, 6, 6, 'KNT/KBA/2408-316', NULL, NULL, '2024-08-14 02:38:41', NULL),
(399, 6, 6, 'KNT/KBA/2408-317', NULL, NULL, '2024-08-14 02:38:41', NULL),
(400, 6, 6, 'KNT/KBA/2408-318', NULL, NULL, '2024-08-14 02:38:41', NULL),
(401, 6, 6, 'KNT/KBA/2408-319', NULL, NULL, '2024-08-14 02:38:41', NULL),
(402, 6, 6, 'KNT/KBA/2408-320', NULL, NULL, '2024-08-14 02:38:41', NULL),
(403, 6, 6, 'KNT/KBA/2408-321', NULL, NULL, '2024-08-14 02:38:41', NULL),
(404, 6, 6, 'KNT/KBA/2408-322', NULL, NULL, '2024-08-14 02:38:41', NULL),
(405, 6, 6, 'KNT/KBA/2408-323', NULL, NULL, '2024-08-14 02:38:41', NULL),
(406, 6, 6, 'KNT/KBA/2408-324', NULL, NULL, '2024-08-14 02:38:41', NULL),
(407, 6, 6, 'KNT/KBA/2408-325', NULL, NULL, '2024-08-14 02:38:41', NULL),
(408, 6, 6, 'KNT/KBA/2408-326', NULL, NULL, '2024-08-14 02:38:41', NULL),
(409, 6, 6, 'KNT/KBA/2408-327', NULL, NULL, '2024-08-14 02:38:41', NULL),
(410, 6, 6, 'KNT/KBA/2408-328', NULL, NULL, '2024-08-14 02:38:41', NULL),
(411, 6, 6, 'KNT/KBA/2408-329', NULL, NULL, '2024-08-14 02:38:41', NULL),
(412, 6, 6, 'KNT/KBA/2408-330', NULL, NULL, '2024-08-14 02:38:41', NULL),
(413, 6, 6, 'KNT/KBA/2408-331', NULL, NULL, '2024-08-14 02:38:41', NULL),
(414, 6, 6, 'KNT/KBA/2408-332', NULL, NULL, '2024-08-14 02:38:41', NULL),
(415, 6, 6, 'KNT/KBA/2408-333', NULL, NULL, '2024-08-14 02:38:41', NULL),
(416, 6, 6, 'KNT/KBA/2408-334', NULL, NULL, '2024-08-14 02:38:41', NULL),
(417, 6, 6, 'KNT/KBA/2408-335', NULL, NULL, '2024-08-14 02:38:41', NULL),
(418, 6, 6, 'KNT/KBA/2408-336', NULL, NULL, '2024-08-14 02:38:41', NULL),
(419, 6, 6, 'KNT/KBA/2408-337', NULL, NULL, '2024-08-14 02:38:41', NULL),
(420, 6, 6, 'KNT/KBA/2408-338', NULL, NULL, '2024-08-14 02:38:41', NULL),
(421, 6, 6, 'KNT/KBA/2408-339', NULL, NULL, '2024-08-14 02:38:41', NULL),
(422, 6, 6, 'KNT/KBA/2408-340', NULL, NULL, '2024-08-14 02:38:41', NULL),
(423, 6, 6, 'KNT/KBA/2408-341', NULL, NULL, '2024-08-14 02:38:41', NULL),
(424, 6, 6, 'KNT/KBA/2408-342', NULL, NULL, '2024-08-14 02:38:41', NULL),
(425, 6, 6, 'KNT/KBA/2408-343', NULL, NULL, '2024-08-14 02:38:41', NULL),
(426, 6, 6, 'KNT/KBA/2408-344', NULL, NULL, '2024-08-14 02:38:41', NULL),
(427, 6, 6, 'KNT/KBA/2408-345', NULL, NULL, '2024-08-14 02:38:41', NULL),
(428, 6, 6, 'KNT/KBA/2408-346', NULL, NULL, '2024-08-14 02:38:41', NULL),
(429, 6, 6, 'KNT/KBA/2408-347', NULL, NULL, '2024-08-14 02:38:41', NULL),
(430, 6, 6, 'KNT/KBA/2408-348', NULL, NULL, '2024-08-14 02:38:41', NULL),
(431, 6, 6, 'KNT/KBA/2408-349', NULL, NULL, '2024-08-14 02:38:41', NULL),
(432, 6, 6, 'KNT/KBA/2408-350', NULL, NULL, '2024-08-14 02:38:41', NULL),
(433, 6, 6, 'KNT/KBA/2408-351', NULL, NULL, '2024-08-14 02:38:41', NULL),
(434, 6, 6, 'KNT/KBA/2408-352', NULL, NULL, '2024-08-14 02:38:41', NULL),
(435, 6, 6, 'KNT/KBA/2408-353', NULL, NULL, '2024-08-14 02:38:41', NULL),
(436, 6, 6, 'KNT/KBA/2408-354', NULL, NULL, '2024-08-14 02:38:41', NULL),
(437, 6, 6, 'KNT/KBA/2408-355', NULL, NULL, '2024-08-14 02:38:41', NULL),
(438, 6, 6, 'KNT/KBA/2408-356', NULL, NULL, '2024-08-14 02:38:41', NULL),
(439, 6, 18, 'KNT/KBB/2408-001', NULL, NULL, '2024-08-14 02:38:41', NULL),
(440, 6, 18, 'KNT/KBB/2408-002', NULL, NULL, '2024-08-14 02:38:41', NULL),
(441, 6, 18, 'KNT/KBB/2408-003', NULL, NULL, '2024-08-14 02:38:41', NULL),
(442, 6, 18, 'KNT/KBB/2408-004', NULL, NULL, '2024-08-14 02:38:41', NULL),
(443, 6, 18, 'KNT/KBB/2408-005', NULL, NULL, '2024-08-14 02:38:41', NULL),
(444, 6, 18, 'KNT/KBB/2408-006', NULL, NULL, '2024-08-14 02:38:41', NULL),
(445, 6, 18, 'KNT/KBB/2408-007', NULL, NULL, '2024-08-14 02:38:41', NULL),
(446, 6, 18, 'KNT/KBB/2408-008', NULL, NULL, '2024-08-14 02:38:41', NULL),
(447, 6, 18, 'KNT/KBB/2408-009', NULL, NULL, '2024-08-14 02:38:41', NULL),
(448, 6, 18, 'KNT/KBB/2408-010', NULL, NULL, '2024-08-14 02:38:41', NULL),
(449, 6, 18, 'KNT/KBB/2408-011', NULL, NULL, '2024-08-14 02:38:41', NULL),
(450, 6, 18, 'KNT/KBB/2408-012', NULL, NULL, '2024-08-14 02:38:41', NULL),
(451, 6, 18, 'KNT/KBB/2408-013', NULL, NULL, '2024-08-14 02:38:41', NULL),
(452, 6, 18, 'KNT/KBB/2408-014', NULL, NULL, '2024-08-14 02:38:41', NULL),
(453, 6, 18, 'KNT/KBB/2408-015', NULL, NULL, '2024-08-14 02:38:41', NULL),
(454, 6, 18, 'KNT/KBB/2408-016', NULL, NULL, '2024-08-14 02:38:41', NULL),
(455, 6, 18, 'KNT/KBB/2408-017', NULL, NULL, '2024-08-14 02:38:41', NULL),
(456, 6, 18, 'KNT/KBB/2408-018', NULL, NULL, '2024-08-14 02:38:41', NULL),
(457, 6, 18, 'KNT/KBB/2408-019', NULL, NULL, '2024-08-14 02:38:41', NULL),
(458, 6, 18, 'KNT/KBB/2408-020', NULL, NULL, '2024-08-14 02:38:41', NULL),
(459, 6, 18, 'KNT/KBB/2408-021', NULL, NULL, '2024-08-14 02:38:41', NULL),
(460, 6, 18, 'KNT/KBB/2408-022', NULL, NULL, '2024-08-14 02:38:41', NULL),
(461, 6, 18, 'KNT/KBB/2408-023', NULL, NULL, '2024-08-14 02:38:41', NULL),
(462, 6, 18, 'KNT/KBB/2408-024', NULL, NULL, '2024-08-14 02:38:41', NULL),
(463, 6, 18, 'KNT/KBB/2408-025', NULL, NULL, '2024-08-14 02:38:41', NULL),
(464, 6, 18, 'KNT/KBB/2408-026', NULL, NULL, '2024-08-14 02:38:41', NULL),
(465, 6, 18, 'KNT/KBB/2408-027', NULL, NULL, '2024-08-14 02:38:41', NULL),
(466, 6, 18, 'KNT/KBB/2408-028', NULL, NULL, '2024-08-14 02:38:41', NULL),
(467, 6, 18, 'KNT/KBB/2408-029', NULL, NULL, '2024-08-14 02:38:41', NULL),
(468, 6, 18, 'KNT/KBB/2408-030', NULL, NULL, '2024-08-14 02:38:41', NULL),
(469, 6, 18, 'KNT/KBB/2408-031', NULL, NULL, '2024-08-14 02:38:41', NULL),
(470, 6, 18, 'KNT/KBB/2408-032', NULL, NULL, '2024-08-14 02:38:41', NULL),
(471, 6, 18, 'KNT/KBB/2408-033', NULL, NULL, '2024-08-14 02:38:41', NULL),
(472, 6, 18, 'KNT/KBB/2408-034', NULL, NULL, '2024-08-14 02:38:41', NULL),
(473, 6, 18, 'KNT/KBB/2408-035', NULL, NULL, '2024-08-14 02:38:41', NULL),
(474, 6, 18, 'KNT/KBB/2408-036', NULL, NULL, '2024-08-14 02:38:41', NULL),
(475, 6, 18, 'KNT/KBB/2408-037', NULL, NULL, '2024-08-14 02:38:41', NULL),
(476, 6, 18, 'KNT/KBB/2408-038', NULL, NULL, '2024-08-14 02:38:41', NULL),
(477, 6, 18, 'KNT/KBB/2408-039', NULL, NULL, '2024-08-14 02:38:41', NULL),
(478, 6, 18, 'KNT/KBB/2408-040', NULL, NULL, '2024-08-14 02:38:41', NULL),
(479, 6, 18, 'KNT/KBB/2408-041', NULL, NULL, '2024-08-14 02:38:41', NULL),
(480, 6, 18, 'KNT/KBB/2408-042', NULL, NULL, '2024-08-14 02:38:41', NULL),
(481, 6, 18, 'KNT/KBB/2408-043', NULL, NULL, '2024-08-14 02:38:41', NULL),
(482, 6, 18, 'KNT/KBB/2408-044', NULL, NULL, '2024-08-14 02:38:41', NULL),
(483, 6, 18, 'KNT/KBB/2408-045', NULL, NULL, '2024-08-14 02:38:41', NULL),
(484, 6, 18, 'KNT/KBB/2408-046', NULL, NULL, '2024-08-14 02:38:41', NULL),
(485, 6, 18, 'KNT/KBB/2408-047', NULL, NULL, '2024-08-14 02:38:41', NULL),
(486, 6, 18, 'KNT/KBB/2408-048', NULL, NULL, '2024-08-14 02:38:41', NULL),
(487, 6, 18, 'KNT/KBB/2408-049', NULL, NULL, '2024-08-14 02:38:41', NULL),
(488, 6, 18, 'KNT/KBB/2408-050', NULL, NULL, '2024-08-14 02:38:41', NULL),
(489, 6, 18, 'KNT/KBB/2408-051', NULL, NULL, '2024-08-14 02:38:41', NULL),
(490, 6, 18, 'KNT/KBB/2408-052', NULL, NULL, '2024-08-14 02:38:41', NULL),
(491, 6, 18, 'KNT/KBB/2408-053', NULL, NULL, '2024-08-14 02:38:41', NULL),
(492, 6, 18, 'KNT/KBB/2408-054', NULL, NULL, '2024-08-14 02:38:41', NULL),
(493, 6, 18, 'KNT/KBB/2408-055', NULL, NULL, '2024-08-14 02:38:41', NULL),
(494, 6, 18, 'KNT/KBB/2408-056', NULL, NULL, '2024-08-14 02:38:41', NULL),
(495, 6, 18, 'KNT/KBB/2408-057', NULL, NULL, '2024-08-14 02:38:41', NULL),
(496, 6, 18, 'KNT/KBB/2408-058', NULL, NULL, '2024-08-14 02:38:41', NULL),
(497, 6, 18, 'KNT/KBB/2408-059', NULL, NULL, '2024-08-14 02:38:41', NULL),
(498, 6, 18, 'KNT/KBB/2408-060', NULL, NULL, '2024-08-14 02:38:41', NULL),
(499, 6, 18, 'KNT/KBB/2408-061', NULL, NULL, '2024-08-14 02:38:41', NULL),
(500, 6, 18, 'KNT/KBB/2408-062', NULL, NULL, '2024-08-14 02:38:41', NULL),
(501, 6, 18, 'KNT/KBB/2408-063', NULL, NULL, '2024-08-14 02:38:41', NULL),
(502, 6, 18, 'KNT/KBB/2408-064', NULL, NULL, '2024-08-14 02:38:41', NULL),
(503, 6, 18, 'KNT/KBB/2408-065', NULL, NULL, '2024-08-14 02:38:41', NULL),
(504, 6, 18, 'KNT/KBB/2408-066', NULL, NULL, '2024-08-14 02:38:41', NULL),
(505, 6, 18, 'KNT/KBB/2408-067', NULL, NULL, '2024-08-14 02:38:41', NULL),
(506, 6, 18, 'KNT/KBB/2408-068', NULL, NULL, '2024-08-14 02:38:41', NULL),
(507, 6, 18, 'KNT/KBB/2408-069', NULL, NULL, '2024-08-14 02:38:41', NULL),
(508, 6, 18, 'KNT/KBB/2408-070', NULL, NULL, '2024-08-14 02:38:41', NULL),
(509, 6, 18, 'KNT/KBB/2408-071', NULL, NULL, '2024-08-14 02:38:41', NULL),
(510, 6, 18, 'KNT/KBB/2408-072', NULL, NULL, '2024-08-14 02:38:41', NULL),
(511, 6, 18, 'KNT/KBB/2408-073', NULL, NULL, '2024-08-14 02:38:41', NULL),
(512, 6, 18, 'KNT/KBB/2408-074', NULL, NULL, '2024-08-14 02:38:41', NULL),
(513, 6, 18, 'KNT/KBB/2408-075', NULL, NULL, '2024-08-14 02:38:41', NULL),
(514, 6, 18, 'KNT/KBB/2408-076', NULL, NULL, '2024-08-14 02:38:41', NULL),
(515, 6, 18, 'KNT/KBB/2408-077', NULL, NULL, '2024-08-14 02:38:41', NULL),
(516, 6, 18, 'KNT/KBB/2408-078', NULL, NULL, '2024-08-14 02:38:41', NULL),
(517, 6, 18, 'KNT/KBB/2408-079', NULL, NULL, '2024-08-14 02:38:41', NULL),
(518, 6, 18, 'KNT/KBB/2408-080', NULL, NULL, '2024-08-14 02:38:41', NULL),
(519, 6, 18, 'KNT/KBB/2408-081', NULL, NULL, '2024-08-14 02:38:41', NULL),
(520, 6, 18, 'KNT/KBB/2408-082', NULL, NULL, '2024-08-14 02:38:41', NULL),
(521, 6, 18, 'KNT/KBB/2408-083', NULL, NULL, '2024-08-14 02:38:41', NULL),
(522, 6, 18, 'KNT/KBB/2408-084', NULL, NULL, '2024-08-14 02:38:41', NULL),
(523, 6, 18, 'KNT/KBB/2408-085', NULL, NULL, '2024-08-14 02:38:41', NULL),
(524, 6, 18, 'KNT/KBB/2408-086', NULL, NULL, '2024-08-14 02:38:41', NULL),
(525, 6, 18, 'KNT/KBB/2408-087', NULL, NULL, '2024-08-14 02:38:41', NULL),
(526, 6, 18, 'KNT/KBB/2408-088', NULL, NULL, '2024-08-14 02:38:41', NULL),
(527, 6, 18, 'KNT/KBB/2408-089', NULL, NULL, '2024-08-14 02:38:41', NULL),
(528, 6, 18, 'KNT/KBB/2408-090', NULL, NULL, '2024-08-14 02:38:41', NULL),
(529, 6, 18, 'KNT/KBB/2408-091', NULL, NULL, '2024-08-14 02:38:41', NULL),
(530, 6, 18, 'KNT/KBB/2408-092', NULL, NULL, '2024-08-14 02:38:41', NULL),
(531, 6, 18, 'KNT/KBB/2408-093', NULL, NULL, '2024-08-14 02:38:41', NULL),
(532, 6, 18, 'KNT/KBB/2408-094', NULL, NULL, '2024-08-14 02:38:41', NULL),
(533, 6, 18, 'KNT/KBB/2408-095', NULL, NULL, '2024-08-14 02:38:41', NULL),
(534, 6, 18, 'KNT/KBB/2408-096', NULL, NULL, '2024-08-14 02:38:41', NULL),
(535, 6, 18, 'KNT/KBB/2408-097', NULL, NULL, '2024-08-14 02:38:41', NULL),
(536, 6, 18, 'KNT/KBB/2408-098', NULL, NULL, '2024-08-14 02:38:41', NULL),
(537, 6, 18, 'KNT/KBB/2408-099', NULL, NULL, '2024-08-14 02:38:41', NULL),
(538, 6, 18, 'KNT/KBB/2408-100', NULL, NULL, '2024-08-14 02:38:41', NULL),
(539, 6, 18, 'KNT/KBB/2408-101', NULL, NULL, '2024-08-14 02:38:41', NULL),
(540, 6, 18, 'KNT/KBB/2408-102', NULL, NULL, '2024-08-14 02:38:41', NULL),
(541, 6, 18, 'KNT/KBB/2408-103', NULL, NULL, '2024-08-14 02:38:41', NULL),
(542, 6, 18, 'KNT/KBB/2408-104', NULL, NULL, '2024-08-14 02:38:41', NULL),
(543, 6, 18, 'KNT/KBB/2408-105', NULL, NULL, '2024-08-14 02:38:41', NULL),
(544, 6, 18, 'KNT/KBB/2408-106', NULL, NULL, '2024-08-14 02:38:41', NULL),
(545, 6, 18, 'KNT/KBB/2408-107', NULL, NULL, '2024-08-14 02:38:41', NULL),
(546, 6, 18, 'KNT/KBB/2408-108', NULL, NULL, '2024-08-14 02:38:41', NULL),
(547, 6, 18, 'KNT/KBB/2408-109', NULL, NULL, '2024-08-14 02:38:41', NULL),
(548, 6, 18, 'KNT/KBB/2408-110', NULL, NULL, '2024-08-14 02:38:41', NULL),
(549, 6, 18, 'KNT/KBB/2408-111', NULL, NULL, '2024-08-14 02:38:41', NULL),
(550, 6, 18, 'KNT/KBB/2408-112', NULL, NULL, '2024-08-14 02:38:41', NULL),
(551, 6, 18, 'KNT/KBB/2408-113', NULL, NULL, '2024-08-14 02:38:41', NULL),
(552, 6, 18, 'KNT/KBB/2408-114', NULL, NULL, '2024-08-14 02:38:41', NULL),
(553, 6, 18, 'KNT/KBB/2408-115', NULL, NULL, '2024-08-14 02:38:41', NULL),
(554, 6, 18, 'KNT/KBB/2408-116', NULL, NULL, '2024-08-14 02:38:41', NULL),
(555, 6, 18, 'KNT/KBB/2408-117', NULL, NULL, '2024-08-14 02:38:41', NULL),
(556, 6, 18, 'KNT/KBB/2408-118', NULL, NULL, '2024-08-14 02:38:41', NULL),
(557, 6, 18, 'KNT/KBB/2408-119', NULL, NULL, '2024-08-14 02:38:41', NULL),
(558, 6, 18, 'KNT/KBB/2408-120', NULL, NULL, '2024-08-14 02:38:41', NULL),
(559, 6, 18, 'KNT/KBB/2408-121', NULL, NULL, '2024-08-14 02:38:41', NULL),
(560, 6, 18, 'KNT/KBB/2408-122', NULL, NULL, '2024-08-14 02:38:41', NULL),
(561, 6, 18, 'KNT/KBB/2408-123', NULL, NULL, '2024-08-14 02:38:41', NULL),
(562, 6, 27, 'KNT/DIS/2408-003', NULL, NULL, '2024-08-14 02:38:41', NULL),
(563, 6, 27, 'KNT/DIS/2408-004', NULL, NULL, '2024-08-14 02:38:41', NULL),
(564, 13, 1, 'OFB/MOF/2408-001', NULL, NULL, '2024-08-14 02:38:41', NULL),
(565, 13, 1, 'OFB/MOF/2408-002', NULL, NULL, '2024-08-14 02:38:41', NULL),
(566, 13, 1, 'OFB/MOF/2408-003', NULL, NULL, '2024-08-14 02:38:41', NULL),
(567, 13, 1, 'OFB/MOF/2408-004', NULL, NULL, '2024-08-14 02:38:41', NULL),
(568, 13, 1, 'OFB/MOF/2408-005', NULL, NULL, '2024-08-14 02:38:41', NULL),
(569, 13, 1, 'OFB/MOF/2408-006', NULL, NULL, '2024-08-14 02:38:41', NULL),
(570, 13, 1, 'OFB/MOF/2408-007', NULL, NULL, '2024-08-14 02:38:41', NULL),
(571, 13, 1, 'OFB/MOF/2408-008', NULL, NULL, '2024-08-14 02:38:41', NULL),
(572, 13, 1, 'OFB/MOF/2408-009', NULL, NULL, '2024-08-14 02:38:41', NULL),
(573, 13, 1, 'OFB/MOF/2408-010', NULL, NULL, '2024-08-14 02:38:41', NULL),
(574, 13, 1, 'OFB/MOF/2408-011', NULL, NULL, '2024-08-14 02:38:41', NULL),
(575, 13, 1, 'OFB/MOF/2408-012', NULL, NULL, '2024-08-14 02:38:41', NULL),
(576, 13, 1, 'OFB/MOF/2408-013', NULL, NULL, '2024-08-14 02:38:41', NULL),
(577, 13, 1, 'OFB/MOF/2408-014', NULL, NULL, '2024-08-14 02:38:41', NULL),
(578, 13, 1, 'OFB/MOF/2408-015', NULL, NULL, '2024-08-14 02:38:41', NULL),
(579, 13, 1, 'OFB/MOF/2408-016', NULL, NULL, '2024-08-14 02:38:41', NULL),
(580, 13, 1, 'OFB/MOF/2408-017', NULL, NULL, '2024-08-14 02:38:41', NULL),
(581, 13, 1, 'OFB/MOF/2408-018', NULL, NULL, '2024-08-14 02:38:41', NULL),
(582, 13, 1, 'OFB/MOF/2408-019', NULL, NULL, '2024-08-14 02:38:41', NULL),
(583, 13, 1, 'OFB/MOF/2408-020', NULL, NULL, '2024-08-14 02:38:41', NULL),
(584, 13, 1, 'OFB/MOF/2408-021', NULL, NULL, '2024-08-14 02:38:41', NULL),
(585, 13, 1, 'OFB/MOF/2408-022', NULL, NULL, '2024-08-14 02:38:41', NULL),
(586, 13, 1, 'OFB/MOF/2408-023', NULL, NULL, '2024-08-14 02:38:41', NULL),
(587, 13, 1, 'OFB/MOF/2408-024', NULL, NULL, '2024-08-14 02:38:41', NULL),
(588, 13, 1, 'OFB/MOF/2408-025', NULL, NULL, '2024-08-14 02:38:41', NULL),
(589, 13, 1, 'OFB/MOF/2408-026', NULL, NULL, '2024-08-14 02:38:41', NULL),
(590, 13, 1, 'OFB/MOF/2408-027', NULL, NULL, '2024-08-14 02:38:41', NULL),
(591, 13, 1, 'OFB/MOF/2408-028', NULL, NULL, '2024-08-14 02:38:41', NULL),
(592, 13, 1, 'OFB/MOF/2408-029', NULL, NULL, '2024-08-14 02:38:41', NULL),
(593, 13, 1, 'OFB/MOF/2408-030', NULL, NULL, '2024-08-14 02:38:41', NULL),
(594, 13, 1, 'OFB/MOF/2408-031', NULL, NULL, '2024-08-14 02:38:41', NULL),
(595, 13, 1, 'OFB/MOF/2408-032', NULL, NULL, '2024-08-14 02:38:41', NULL),
(596, 13, 1, 'OFB/MOF/2408-033', NULL, NULL, '2024-08-14 02:38:41', NULL),
(597, 13, 1, 'OFB/MOF/2408-034', NULL, NULL, '2024-08-14 02:38:41', NULL),
(598, 13, 1, 'OFB/MOF/2408-035', NULL, NULL, '2024-08-14 02:38:41', NULL),
(599, 13, 1, 'OFB/MOF/2408-036', NULL, NULL, '2024-08-14 02:38:41', NULL),
(600, 13, 1, 'OFB/MOF/2408-037', NULL, NULL, '2024-08-14 02:38:41', NULL),
(601, 13, 1, 'OFB/MOF/2408-038', NULL, NULL, '2024-08-14 02:38:41', NULL),
(602, 13, 1, 'OFB/MOF/2408-039', NULL, NULL, '2024-08-14 02:38:41', NULL),
(603, 13, 1, 'OFB/MOF/2408-040', NULL, NULL, '2024-08-14 02:38:41', NULL),
(604, 13, 1, 'OFB/MOF/2408-041', NULL, NULL, '2024-08-14 02:38:41', NULL),
(605, 13, 1, 'OFB/MOF/2408-042', NULL, NULL, '2024-08-14 02:38:41', NULL),
(606, 13, 1, 'OFB/MOF/2408-043', NULL, NULL, '2024-08-14 02:38:41', NULL),
(607, 13, 1, 'OFB/MOF/2408-044', NULL, NULL, '2024-08-14 02:38:41', NULL),
(608, 13, 1, 'OFB/MOF/2408-045', NULL, NULL, '2024-08-14 02:38:41', NULL),
(609, 13, 1, 'OFB/MOF/2408-046', NULL, NULL, '2024-08-14 02:38:41', NULL),
(610, 13, 1, 'OFB/MOF/2408-047', NULL, NULL, '2024-08-14 02:38:41', NULL),
(611, 13, 1, 'OFB/MOF/2408-048', NULL, NULL, '2024-08-14 02:38:41', NULL),
(612, 13, 1, 'OFB/MOF/2408-049', NULL, NULL, '2024-08-14 02:38:41', NULL),
(613, 13, 1, 'OFB/MOF/2408-050', NULL, NULL, '2024-08-14 02:38:41', NULL),
(614, 13, 1, 'OFB/MOF/2408-051', NULL, NULL, '2024-08-14 02:38:41', NULL),
(615, 13, 1, 'OFB/MOF/2408-052', NULL, NULL, '2024-08-14 02:38:41', NULL),
(616, 13, 1, 'OFB/MOF/2408-053', NULL, NULL, '2024-08-14 02:38:41', NULL),
(617, 13, 1, 'OFB/MOF/2408-054', NULL, NULL, '2024-08-14 02:38:41', NULL),
(618, 13, 1, 'OFB/MOF/2408-055', NULL, NULL, '2024-08-14 02:38:41', NULL),
(619, 13, 1, 'OFB/MOF/2408-056', NULL, NULL, '2024-08-14 02:38:41', NULL),
(620, 13, 1, 'OFB/MOF/2408-057', NULL, NULL, '2024-08-14 02:38:41', NULL),
(621, 13, 1, 'OFB/MOF/2408-058', NULL, NULL, '2024-08-14 02:38:41', NULL),
(622, 13, 1, 'OFB/MOF/2408-059', NULL, NULL, '2024-08-14 02:38:41', NULL),
(623, 13, 1, 'OFB/MOF/2408-060', NULL, NULL, '2024-08-14 02:38:41', NULL),
(624, 13, 1, 'OFB/MOF/2408-061', NULL, NULL, '2024-08-14 02:38:41', NULL),
(625, 13, 1, 'OFB/MOF/2408-062', NULL, NULL, '2024-08-14 02:38:41', NULL),
(626, 13, 1, 'OFB/MOF/2408-063', NULL, NULL, '2024-08-14 02:38:41', NULL),
(627, 13, 1, 'OFB/MOF/2408-064', NULL, NULL, '2024-08-14 02:38:41', NULL),
(628, 13, 1, 'OFB/MOF/2408-065', NULL, NULL, '2024-08-14 02:38:41', NULL),
(629, 13, 1, 'OFB/MOF/2408-066', NULL, NULL, '2024-08-14 02:38:41', NULL),
(630, 13, 1, 'OFB/MOF/2408-067', NULL, NULL, '2024-08-14 02:38:41', NULL),
(631, 13, 1, 'OFB/MOF/2408-068', NULL, NULL, '2024-08-14 02:38:41', NULL),
(632, 13, 1, 'OFB/MOF/2408-069', NULL, NULL, '2024-08-14 02:38:41', NULL),
(633, 13, 1, 'OFB/MOF/2408-070', NULL, NULL, '2024-08-14 02:38:41', NULL),
(634, 13, 1, 'OFB/MOF/2408-071', NULL, NULL, '2024-08-14 02:38:41', NULL),
(635, 13, 1, 'OFB/MOF/2408-072', NULL, NULL, '2024-08-14 02:38:41', NULL),
(636, 13, 1, 'OFB/MOF/2408-073', NULL, NULL, '2024-08-14 02:38:41', NULL),
(637, 13, 1, 'OFB/MOF/2408-074', NULL, NULL, '2024-08-14 02:38:41', NULL),
(638, 13, 1, 'OFB/MOF/2408-075', NULL, NULL, '2024-08-14 02:38:41', NULL),
(639, 13, 1, 'OFB/MOF/2408-076', NULL, NULL, '2024-08-14 02:38:41', NULL),
(640, 13, 1, 'OFB/MOF/2408-077', NULL, NULL, '2024-08-14 02:38:41', NULL),
(641, 13, 1, 'OFB/MOF/2408-078', NULL, NULL, '2024-08-14 02:38:41', NULL),
(642, 13, 1, 'OFB/MOF/2408-079', NULL, NULL, '2024-08-14 02:38:41', NULL),
(643, 13, 1, 'OFB/MOF/2408-080', NULL, NULL, '2024-08-14 02:38:41', NULL),
(644, 13, 1, 'OFB/MOF/2408-081', NULL, NULL, '2024-08-14 02:38:41', NULL),
(645, 13, 1, 'OFB/MOF/2408-082', NULL, NULL, '2024-08-14 02:38:41', NULL),
(646, 13, 1, 'OFB/MOF/2408-083', NULL, NULL, '2024-08-14 02:38:41', NULL),
(647, 13, 1, 'OFB/MOF/2408-084', NULL, NULL, '2024-08-14 02:38:41', NULL),
(648, 13, 1, 'OFB/MOF/2408-085', NULL, NULL, '2024-08-14 02:38:41', NULL),
(649, 13, 1, 'OFB/MOF/2408-086', NULL, NULL, '2024-08-14 02:38:41', NULL),
(650, 13, 1, 'OFB/MOF/2408-087', NULL, NULL, '2024-08-14 02:38:41', NULL),
(651, 13, 1, 'OFB/MOF/2408-088', NULL, NULL, '2024-08-14 02:38:41', NULL),
(652, 13, 1, 'OFB/MOF/2408-089', NULL, NULL, '2024-08-14 02:38:41', NULL),
(653, 13, 1, 'OFB/MOF/2408-090', NULL, NULL, '2024-08-14 02:38:41', NULL),
(654, 13, 1, 'OFB/MOF/2408-091', NULL, NULL, '2024-08-14 02:38:41', NULL),
(655, 13, 1, 'OFB/MOF/2408-092', NULL, NULL, '2024-08-14 02:38:41', NULL),
(656, 13, 2, 'OFB/KOF/2408-001', NULL, NULL, '2024-08-14 02:38:41', NULL),
(657, 13, 2, 'OFB/KOF/2408-002', NULL, NULL, '2024-08-14 02:38:41', NULL),
(658, 13, 2, 'OFB/KOF/2408-003', NULL, NULL, '2024-08-14 02:38:41', NULL),
(659, 13, 2, 'OFB/KOF/2408-004', NULL, NULL, '2024-08-14 02:38:41', NULL),
(660, 13, 2, 'OFB/KOF/2408-005', NULL, NULL, '2024-08-14 02:38:41', NULL),
(661, 13, 2, 'OFB/KOF/2408-006', NULL, NULL, '2024-08-14 02:38:41', NULL),
(662, 13, 2, 'OFB/KOF/2408-007', NULL, NULL, '2024-08-14 02:38:41', NULL),
(663, 13, 2, 'OFB/KOF/2408-008', NULL, NULL, '2024-08-14 02:38:41', NULL),
(664, 13, 2, 'OFB/KOF/2408-009', NULL, NULL, '2024-08-14 02:38:41', NULL),
(665, 13, 2, 'OFB/KOF/2408-010', NULL, NULL, '2024-08-14 02:38:41', NULL),
(666, 13, 2, 'OFB/KOF/2408-011', NULL, NULL, '2024-08-14 02:38:41', NULL),
(667, 13, 2, 'OFB/KOF/2408-012', NULL, NULL, '2024-08-14 02:38:41', NULL),
(668, 13, 2, 'OFB/KOF/2408-013', NULL, NULL, '2024-08-14 02:38:41', NULL),
(669, 13, 2, 'OFB/KOF/2408-014', NULL, NULL, '2024-08-14 02:38:41', NULL),
(670, 13, 2, 'OFB/KOF/2408-015', NULL, NULL, '2024-08-14 02:38:41', NULL),
(671, 13, 2, 'OFB/KOF/2408-016', NULL, NULL, '2024-08-14 02:38:41', NULL),
(672, 13, 2, 'OFB/KOF/2408-017', NULL, NULL, '2024-08-14 02:38:41', NULL),
(673, 13, 2, 'OFB/KOF/2408-018', NULL, NULL, '2024-08-14 02:38:41', NULL),
(674, 13, 2, 'OFB/KOF/2408-019', NULL, NULL, '2024-08-14 02:38:41', NULL),
(675, 13, 2, 'OFB/KOF/2408-020', NULL, NULL, '2024-08-14 02:38:41', NULL),
(676, 13, 2, 'OFB/KOF/2408-021', NULL, NULL, '2024-08-14 02:38:41', NULL),
(677, 13, 2, 'OFB/KOF/2408-022', NULL, NULL, '2024-08-14 02:38:41', NULL),
(678, 13, 2, 'OFB/KOF/2408-023', NULL, NULL, '2024-08-14 02:38:41', NULL),
(679, 13, 2, 'OFB/KOF/2408-024', NULL, NULL, '2024-08-14 02:38:41', NULL),
(680, 13, 2, 'OFB/KOF/2408-025', NULL, NULL, '2024-08-14 02:38:41', NULL),
(681, 13, 2, 'OFB/KOF/2408-026', NULL, NULL, '2024-08-14 02:38:41', NULL),
(682, 13, 2, 'OFB/KOF/2408-027', NULL, NULL, '2024-08-14 02:38:41', NULL),
(683, 13, 2, 'OFB/KOF/2408-028', NULL, NULL, '2024-08-14 02:38:41', NULL),
(684, 13, 2, 'OFB/KOF/2408-029', NULL, NULL, '2024-08-14 02:38:41', NULL),
(685, 13, 2, 'OFB/KOF/2408-030', NULL, NULL, '2024-08-14 02:38:41', NULL),
(686, 13, 2, 'OFB/KOF/2408-031', NULL, NULL, '2024-08-14 02:38:41', NULL),
(687, 13, 2, 'OFB/KOF/2408-032', NULL, NULL, '2024-08-14 02:38:41', NULL),
(688, 13, 2, 'OFB/KOF/2408-033', NULL, NULL, '2024-08-14 02:38:41', NULL),
(689, 13, 2, 'OFB/KOF/2408-034', NULL, NULL, '2024-08-14 02:38:41', NULL);
INSERT INTO `data_fasilitas` (`id`, `area_id`, `category_id`, `register_no`, `created_by`, `updated_by`, `created_at`, `updated_at`) VALUES
(690, 13, 2, 'OFB/KOF/2408-035', NULL, NULL, '2024-08-14 02:38:41', NULL),
(691, 13, 2, 'OFB/KOF/2408-036', NULL, NULL, '2024-08-14 02:38:41', NULL),
(692, 13, 2, 'OFB/KOF/2408-037', NULL, NULL, '2024-08-14 02:38:41', NULL),
(693, 13, 2, 'OFB/KOF/2408-038', NULL, NULL, '2024-08-14 02:38:41', NULL),
(694, 13, 2, 'OFB/KOF/2408-039', NULL, NULL, '2024-08-14 02:38:41', NULL),
(695, 13, 2, 'OFB/KOF/2408-040', NULL, NULL, '2024-08-14 02:38:41', NULL),
(696, 13, 2, 'OFB/KOF/2408-041', NULL, NULL, '2024-08-14 02:38:41', NULL),
(697, 13, 2, 'OFB/KOF/2408-042', NULL, NULL, '2024-08-14 02:38:41', NULL),
(698, 13, 2, 'OFB/KOF/2408-043', NULL, NULL, '2024-08-14 02:38:41', NULL),
(699, 13, 2, 'OFB/KOF/2408-044', NULL, NULL, '2024-08-14 02:38:41', NULL),
(700, 13, 2, 'OFB/KOF/2408-045', NULL, NULL, '2024-08-14 02:38:41', NULL),
(701, 13, 2, 'OFB/KOF/2408-046', NULL, NULL, '2024-08-14 02:38:41', NULL),
(702, 13, 2, 'OFB/KOF/2408-047', NULL, NULL, '2024-08-14 02:38:41', NULL),
(703, 13, 2, 'OFB/KOF/2408-048', NULL, NULL, '2024-08-14 02:38:41', NULL),
(704, 13, 2, 'OFB/KOF/2408-049', NULL, NULL, '2024-08-14 02:38:41', NULL),
(705, 13, 2, 'OFB/KOF/2408-050', NULL, NULL, '2024-08-14 02:38:41', NULL),
(706, 13, 2, 'OFB/KOF/2408-051', NULL, NULL, '2024-08-14 02:38:41', NULL),
(707, 13, 2, 'OFB/KOF/2408-052', NULL, NULL, '2024-08-14 02:38:41', NULL),
(708, 13, 2, 'OFB/KOF/2408-053', NULL, NULL, '2024-08-14 02:38:41', NULL),
(709, 13, 2, 'OFB/KOF/2408-054', NULL, NULL, '2024-08-14 02:38:41', NULL),
(710, 13, 2, 'OFB/KOF/2408-055', NULL, NULL, '2024-08-14 02:38:41', NULL),
(711, 13, 2, 'OFB/KOF/2408-056', NULL, NULL, '2024-08-14 02:38:41', NULL),
(712, 13, 2, 'OFB/KOF/2408-057', NULL, NULL, '2024-08-14 02:38:41', NULL),
(713, 13, 2, 'OFB/KOF/2408-058', NULL, NULL, '2024-08-14 02:38:41', NULL),
(714, 13, 2, 'OFB/KOF/2408-059', NULL, NULL, '2024-08-14 02:38:41', NULL),
(715, 13, 2, 'OFB/KOF/2408-060', NULL, NULL, '2024-08-14 02:38:41', NULL),
(716, 13, 2, 'OFB/KOF/2408-061', NULL, NULL, '2024-08-14 02:38:41', NULL),
(717, 13, 2, 'OFB/KOF/2408-062', NULL, NULL, '2024-08-14 02:38:41', NULL),
(718, 13, 2, 'OFB/KOF/2408-063', NULL, NULL, '2024-08-14 02:38:41', NULL),
(719, 13, 2, 'OFB/KOF/2408-064', NULL, NULL, '2024-08-14 02:38:41', NULL),
(720, 13, 2, 'OFB/KOF/2408-065', NULL, NULL, '2024-08-14 02:38:41', NULL),
(721, 13, 2, 'OFB/KOF/2408-066', NULL, NULL, '2024-08-14 02:38:41', NULL),
(722, 13, 2, 'OFB/KOF/2408-067', NULL, NULL, '2024-08-14 02:38:41', NULL),
(723, 13, 2, 'OFB/KOF/2408-068', NULL, NULL, '2024-08-14 02:38:41', NULL),
(724, 13, 2, 'OFB/KOF/2408-069', NULL, NULL, '2024-08-14 02:38:41', NULL),
(725, 13, 2, 'OFB/KOF/2408-070', NULL, NULL, '2024-08-14 02:38:41', NULL),
(726, 13, 2, 'OFB/KOF/2408-071', NULL, NULL, '2024-08-14 02:38:41', NULL),
(727, 13, 2, 'OFB/KOF/2408-072', NULL, NULL, '2024-08-14 02:38:41', NULL),
(728, 13, 2, 'OFB/KOF/2408-073', NULL, NULL, '2024-08-14 02:38:41', NULL),
(729, 13, 2, 'OFB/KOF/2408-074', NULL, NULL, '2024-08-14 02:38:41', NULL),
(730, 13, 2, 'OFB/KOF/2408-075', NULL, NULL, '2024-08-14 02:38:41', NULL),
(731, 13, 2, 'OFB/KOF/2408-076', NULL, NULL, '2024-08-14 02:38:41', NULL),
(732, 13, 2, 'OFB/KOF/2408-077', NULL, NULL, '2024-08-14 02:38:41', NULL),
(733, 13, 2, 'OFB/KOF/2408-078', NULL, NULL, '2024-08-14 02:38:41', NULL),
(734, 13, 2, 'OFB/KOF/2408-079', NULL, NULL, '2024-08-14 02:38:41', NULL),
(735, 13, 2, 'OFB/KOF/2408-080', NULL, NULL, '2024-08-14 02:38:41', NULL),
(736, 13, 2, 'OFB/KOF/2408-081', NULL, NULL, '2024-08-14 02:38:41', NULL),
(737, 13, 2, 'OFB/KOF/2408-082', NULL, NULL, '2024-08-14 02:38:41', NULL),
(738, 13, 2, 'OFB/KOF/2408-083', NULL, NULL, '2024-08-14 02:38:41', NULL),
(739, 13, 2, 'OFB/KOF/2408-084', NULL, NULL, '2024-08-14 02:38:41', NULL),
(740, 13, 2, 'OFB/KOF/2408-085', NULL, NULL, '2024-08-14 02:38:41', NULL),
(741, 13, 2, 'OFB/KOF/2408-086', NULL, NULL, '2024-08-14 02:38:41', NULL),
(742, 13, 2, 'OFB/KOF/2408-087', NULL, NULL, '2024-08-14 02:38:41', NULL),
(743, 13, 2, 'OFB/KOF/2408-088', NULL, NULL, '2024-08-14 02:38:41', NULL),
(744, 13, 2, 'OFB/KOF/2408-089', NULL, NULL, '2024-08-14 02:38:41', NULL),
(745, 13, 2, 'OFB/KOF/2408-090', NULL, NULL, '2024-08-14 02:38:41', NULL),
(746, 13, 2, 'OFB/KOF/2408-091', NULL, NULL, '2024-08-14 02:38:41', NULL),
(747, 13, 2, 'OFB/KOF/2408-092', NULL, NULL, '2024-08-14 02:38:41', NULL),
(748, 13, 3, 'OFB/PPT/2408-001', NULL, NULL, '2024-08-14 02:38:41', NULL),
(749, 13, 3, 'OFB/PPT/2408-002', NULL, NULL, '2024-08-14 02:38:41', NULL),
(750, 13, 7, 'OFB/MBE/2408-005', NULL, NULL, '2024-08-14 02:38:41', NULL),
(751, 13, 4, 'OFB/KBE/2408-001', NULL, NULL, '2024-08-14 02:38:41', NULL),
(752, 13, 4, 'OFB/KBE/2408-002', NULL, NULL, '2024-08-14 02:38:41', NULL),
(753, 13, 20, 'OFB/KMA/2408-001', NULL, NULL, '2024-08-14 02:38:41', NULL),
(754, 13, 20, 'OFB/KMA/2408-002', NULL, NULL, '2024-08-14 02:38:41', NULL),
(755, 13, 20, 'OFB/KMA/2408-003', NULL, NULL, '2024-08-14 02:38:41', NULL),
(756, 13, 20, 'OFB/KMA/2408-004', NULL, NULL, '2024-08-14 02:38:41', NULL),
(757, 13, 20, 'OFB/KMA/2408-005', NULL, NULL, '2024-08-14 02:38:41', NULL),
(758, 13, 20, 'OFB/KMA/2408-006', NULL, NULL, '2024-08-14 02:38:41', NULL),
(759, 13, 20, 'OFB/KMA/2408-007', NULL, NULL, '2024-08-14 02:38:41', NULL),
(760, 13, 20, 'OFB/KMA/2408-008', NULL, NULL, '2024-08-14 02:38:41', NULL),
(761, 13, 20, 'OFB/KMA/2408-009', NULL, NULL, '2024-08-14 02:38:41', NULL),
(762, 13, 20, 'OFB/KMA/2408-010', NULL, NULL, '2024-08-14 02:38:41', NULL),
(763, 13, 20, 'OFB/KMA/2408-011', NULL, NULL, '2024-08-14 02:38:41', NULL),
(764, 13, 20, 'OFB/KMA/2408-012', NULL, NULL, '2024-08-14 02:38:41', NULL),
(765, 13, 21, 'OFB/MMA/2408-001', NULL, NULL, '2024-08-14 02:38:41', NULL),
(766, 13, 21, 'OFB/MMA/2408-002', NULL, NULL, '2024-08-14 02:38:41', NULL),
(767, 13, 21, 'OFB/MMA/2408-003', NULL, NULL, '2024-08-14 02:38:41', NULL),
(768, 13, 21, 'OFB/MMA/2408-004', NULL, NULL, '2024-08-14 02:38:41', NULL),
(769, 13, 21, 'OFB/MMA/2408-005', NULL, NULL, '2024-08-14 02:38:41', NULL),
(770, 13, 21, 'OFB/MMA/2408-006', NULL, NULL, '2024-08-14 02:38:41', NULL),
(771, 13, 21, 'OFB/MMA/2408-007', NULL, NULL, '2024-08-14 02:38:41', NULL),
(772, 13, 21, 'OFB/MMA/2408-008', NULL, NULL, '2024-08-14 02:38:41', NULL),
(773, 13, 21, 'OFB/MMA/2408-009', NULL, NULL, '2024-08-14 02:38:41', NULL),
(774, 13, 21, 'OFB/MMA/2408-010', NULL, NULL, '2024-08-14 02:38:41', NULL),
(775, 13, 21, 'OFB/MMA/2408-011', NULL, NULL, '2024-08-14 02:38:41', NULL),
(776, 13, 21, 'OFB/MMA/2408-012', NULL, NULL, '2024-08-14 02:38:41', NULL),
(777, 13, 8, 'OFB/LTI/2408-001', NULL, NULL, '2024-08-14 02:38:41', NULL),
(778, 13, 8, 'OFB/LTI/2408-002', NULL, NULL, '2024-08-14 02:38:41', NULL),
(779, 13, 8, 'OFB/LTI/2408-003', NULL, NULL, '2024-08-14 02:38:41', NULL),
(780, 13, 8, 'OFB/LTI/2408-004', NULL, NULL, '2024-08-14 02:38:41', NULL),
(781, 13, 8, 'OFB/LTI/2408-005', NULL, NULL, '2024-08-14 02:38:41', NULL),
(782, 13, 8, 'OFB/LTI/2408-006', NULL, NULL, '2024-08-14 02:38:41', NULL),
(783, 13, 8, 'OFB/LTI/2408-007', NULL, NULL, '2024-08-14 02:38:41', NULL),
(784, 13, 8, 'OFB/LTI/2408-008', NULL, NULL, '2024-08-14 02:38:41', NULL),
(785, 13, 8, 'OFB/LTI/2408-009', NULL, NULL, '2024-08-14 02:38:41', NULL),
(786, 13, 8, 'OFB/LTI/2408-010', NULL, NULL, '2024-08-14 02:38:41', NULL),
(787, 13, 8, 'OFB/LTI/2408-011', NULL, NULL, '2024-08-14 02:38:41', NULL),
(788, 13, 8, 'OFB/LTI/2408-012', NULL, NULL, '2024-08-14 02:38:41', NULL),
(789, 13, 8, 'OFB/LTI/2408-013', NULL, NULL, '2024-08-14 02:38:41', NULL),
(790, 13, 8, 'OFB/LTI/2408-014', NULL, NULL, '2024-08-14 02:38:41', NULL),
(791, 13, 8, 'OFB/LTI/2408-015', NULL, NULL, '2024-08-14 02:38:41', NULL),
(792, 13, 8, 'OFB/LTI/2408-016', NULL, NULL, '2024-08-14 02:38:41', NULL),
(793, 13, 8, 'OFB/LTI/2408-017', NULL, NULL, '2024-08-14 02:38:41', NULL),
(794, 13, 8, 'OFB/LTI/2408-018', NULL, NULL, '2024-08-14 02:38:41', NULL),
(795, 13, 28, 'OFB/K2T/2408-001', NULL, NULL, '2024-08-14 02:38:41', NULL),
(796, 13, 28, 'OFB/K2T/2408-002', NULL, NULL, '2024-08-14 02:38:41', NULL),
(797, 13, 9, 'OFB/K2P/2408-001', NULL, NULL, '2024-08-14 02:38:41', NULL),
(798, 13, 9, 'OFB/K2P/2408-002', NULL, NULL, '2024-08-14 02:38:41', NULL),
(799, 13, 9, 'OFB/K2P/2408-003', NULL, NULL, '2024-08-14 02:38:41', NULL),
(800, 13, 9, 'OFB/K2P/2408-004', NULL, NULL, '2024-08-14 02:38:41', NULL),
(801, 13, 9, 'OFB/K2P/2408-005', NULL, NULL, '2024-08-14 02:38:41', NULL),
(802, 13, 9, 'OFB/K2P/2408-006', NULL, NULL, '2024-08-14 02:38:41', NULL),
(803, 13, 9, 'OFB/K2P/2408-007', NULL, NULL, '2024-08-14 02:38:41', NULL),
(804, 13, 9, 'OFB/K2P/2408-008', NULL, NULL, '2024-08-14 02:38:41', NULL),
(805, 13, 22, 'OFB/LKK/2408-001', NULL, NULL, '2024-08-14 02:38:41', NULL),
(806, 13, 22, 'OFB/LKK/2408-002', NULL, NULL, '2024-08-14 02:38:41', NULL),
(807, 13, 22, 'OFB/LKK/2408-003', NULL, NULL, '2024-08-14 02:38:41', NULL),
(808, 13, 22, 'OFB/LKK/2408-004', NULL, NULL, '2024-08-14 02:38:41', NULL),
(809, 13, 22, 'OFB/LKK/2408-005', NULL, NULL, '2024-08-14 02:38:41', NULL),
(810, 2, 14, 'EDM/MKP/2408-001', NULL, NULL, '2024-08-14 02:38:41', NULL),
(811, 2, 5, 'EDM/KBU/2408-001', NULL, NULL, '2024-08-14 02:38:41', NULL),
(812, 2, 5, 'EDM/KBU/2408-002', NULL, NULL, '2024-08-14 02:38:41', NULL),
(813, 2, 5, 'EDM/KBU/2408-003', NULL, NULL, '2024-08-14 02:38:41', NULL),
(814, 2, 5, 'EDM/KBU/2408-004', NULL, NULL, '2024-08-14 02:38:41', NULL),
(815, 2, 6, 'EDM/KBA/2408-001', NULL, NULL, '2024-08-14 02:38:41', NULL),
(816, 2, 6, 'EDM/KBA/2408-002', NULL, NULL, '2024-08-14 02:38:41', NULL),
(817, 2, 6, 'EDM/KBA/2408-003', NULL, NULL, '2024-08-14 02:38:41', NULL),
(818, 2, 6, 'EDM/KBA/2408-004', NULL, NULL, '2024-08-14 02:38:41', NULL),
(819, 2, 4, 'EDM/KBE/2408-003', NULL, NULL, '2024-08-14 02:38:41', NULL),
(820, 2, 4, 'EDM/KBE/2408-004', NULL, NULL, '2024-08-14 02:38:41', NULL),
(821, 2, 4, 'EDM/KBE/2408-005', NULL, NULL, '2024-08-14 02:38:41', NULL),
(822, 2, 4, 'EDM/KBE/2408-006', NULL, NULL, '2024-08-14 02:38:41', NULL),
(823, 2, 4, 'EDM/KBE/2408-007', NULL, NULL, '2024-08-14 02:38:41', NULL),
(824, 2, 4, 'EDM/KBE/2408-008', NULL, NULL, '2024-08-14 02:38:41', NULL),
(825, 2, 4, 'EDM/KBE/2408-009', NULL, NULL, '2024-08-14 02:38:41', NULL),
(826, 2, 4, 'EDM/KBE/2408-010', NULL, NULL, '2024-08-14 02:38:41', NULL),
(827, 2, 4, 'EDM/KBE/2408-011', NULL, NULL, '2024-08-14 02:38:41', NULL),
(828, 2, 4, 'EDM/KBE/2408-012', NULL, NULL, '2024-08-14 02:38:41', NULL),
(829, 2, 4, 'EDM/KBE/2408-013', NULL, NULL, '2024-08-14 02:38:41', NULL),
(830, 2, 10, 'EDM/TV/2408-001', NULL, NULL, '2024-08-14 02:38:41', NULL),
(831, 2, 11, 'EDM/MPA/2408-001', NULL, NULL, '2024-08-14 02:38:41', NULL),
(832, 7, 4, 'KRN/KBE/2408-014', NULL, NULL, '2024-08-14 02:38:41', NULL),
(833, 7, 4, 'KRN/KBE/2408-015', NULL, NULL, '2024-08-14 02:38:41', NULL),
(834, 7, 4, 'KRN/KBE/2408-016', NULL, NULL, '2024-08-14 02:38:41', NULL),
(835, 7, 4, 'KRN/KBE/2408-017', NULL, NULL, '2024-08-14 02:38:41', NULL),
(836, 7, 4, 'KRN/KBE/2408-018', NULL, NULL, '2024-08-14 02:38:41', NULL),
(837, 7, 4, 'KRN/KBE/2408-019', NULL, NULL, '2024-08-14 02:38:41', NULL),
(838, 7, 4, 'KRN/KBE/2408-020', NULL, NULL, '2024-08-14 02:38:41', NULL),
(839, 7, 4, 'KRN/KBE/2408-021', NULL, NULL, '2024-08-14 02:38:41', NULL),
(840, 7, 4, 'KRN/KBE/2408-022', NULL, NULL, '2024-08-14 02:38:41', NULL),
(841, 7, 4, 'KRN/KBE/2408-023', NULL, NULL, '2024-08-14 02:38:41', NULL),
(842, 7, 4, 'KRN/KBE/2408-024', NULL, NULL, '2024-08-14 02:38:41', NULL),
(843, 7, 12, 'KRN/INF/2408-001', NULL, NULL, '2024-08-14 02:38:41', NULL),
(844, 7, 3, 'KRN/PPT/2408-003', NULL, NULL, '2024-08-14 02:38:41', NULL),
(845, 7, 13, 'KRN/MMK/2408-001', NULL, NULL, '2024-08-14 02:38:41', NULL),
(846, 7, 17, 'KRN/LMT/2408-001', NULL, NULL, '2024-08-14 02:38:41', NULL),
(847, 7, 16, 'KRN/KK/2408-001', NULL, NULL, '2024-08-14 02:38:41', NULL),
(848, 7, 3, 'KRN/PPT/2408-004', NULL, NULL, '2024-08-14 02:38:41', NULL),
(849, 11, 4, 'LBY/KBE/2408-025', NULL, NULL, '2024-08-14 02:38:41', NULL),
(850, 11, 4, 'LBY/KBE/2408-026', NULL, NULL, '2024-08-14 02:38:41', NULL),
(851, 11, 4, 'LBY/KBE/2408-027', NULL, NULL, '2024-08-14 02:38:41', NULL),
(852, 11, 4, 'LBY/KBE/2408-028', NULL, NULL, '2024-08-14 02:38:41', NULL),
(853, 11, 4, 'LBY/KBE/2408-029', NULL, NULL, '2024-08-14 02:38:41', NULL),
(854, 11, 4, 'LBY/KBE/2408-030', NULL, NULL, '2024-08-14 02:38:41', NULL),
(855, 11, 11, 'LBY/MPA/2408-002', NULL, NULL, '2024-08-14 02:38:41', NULL),
(856, 11, 10, 'LBY/TV/2408-002', NULL, NULL, '2024-08-14 02:38:41', NULL),
(857, 11, 24, 'LBY/MRE/2408-001', NULL, NULL, '2024-08-14 02:38:41', NULL),
(858, 11, 25, 'LBY/LCI/2408-001', NULL, NULL, '2024-08-14 02:38:41', NULL),
(859, 11, 26, 'LBY/KBP/2408-001', NULL, NULL, '2024-08-14 02:38:41', NULL),
(860, 11, 27, 'LBY/DIS/2408-001', NULL, NULL, '2024-08-14 02:38:41', NULL),
(861, 1, 12, 'BRM/INF/2408-002', NULL, NULL, '2024-08-14 02:38:41', NULL),
(862, 1, 13, 'BRM/MMK/2408-002', NULL, NULL, '2024-08-14 02:38:41', NULL),
(863, 1, 3, 'BRM/PPT/2408-005', NULL, NULL, '2024-08-14 02:38:41', NULL),
(864, 1, 15, 'BRM/KME/2408-001', NULL, NULL, '2024-08-14 02:38:41', NULL),
(865, 1, 15, 'BRM/KME/2408-002', NULL, NULL, '2024-08-14 02:38:41', NULL),
(866, 1, 15, 'BRM/KME/2408-003', NULL, NULL, '2024-08-14 02:38:41', NULL),
(867, 1, 15, 'BRM/KME/2408-004', NULL, NULL, '2024-08-14 02:38:41', NULL),
(868, 1, 15, 'BRM/KME/2408-005', NULL, NULL, '2024-08-14 02:38:41', NULL),
(869, 1, 15, 'BRM/KME/2408-006', NULL, NULL, '2024-08-14 02:38:41', NULL),
(870, 1, 15, 'BRM/KME/2408-007', NULL, NULL, '2024-08-14 02:38:41', NULL),
(871, 1, 15, 'BRM/KME/2408-008', NULL, NULL, '2024-08-14 02:38:41', NULL),
(872, 1, 15, 'BRM/KME/2408-009', NULL, NULL, '2024-08-14 02:38:41', NULL),
(873, 1, 15, 'BRM/KME/2408-010', NULL, NULL, '2024-08-14 02:38:41', NULL),
(874, 1, 15, 'BRM/KME/2408-011', NULL, NULL, '2024-08-14 02:38:41', NULL),
(875, 1, 15, 'BRM/KME/2408-012', NULL, NULL, '2024-08-14 02:38:41', NULL),
(876, 1, 15, 'BRM/KME/2408-013', NULL, NULL, '2024-08-14 02:38:41', NULL),
(877, 1, 17, 'BRM/LKM/2408-002', NULL, NULL, '2024-08-14 02:38:41', NULL),
(878, 9, 12, 'BRM/INF/2408-003', NULL, NULL, '2024-08-14 02:38:41', NULL),
(879, 9, 13, 'BRM/MMK/2408-003', NULL, NULL, '2024-08-14 02:38:41', NULL),
(880, 9, 3, 'BRM/PPT/2408-006', NULL, NULL, '2024-08-14 02:38:41', NULL),
(881, 9, 15, 'BRM/KME/2408-014', NULL, NULL, '2024-08-14 02:38:41', NULL),
(882, 9, 15, 'BRM/KME/2408-015', NULL, NULL, '2024-08-14 02:38:41', NULL),
(883, 9, 15, 'BRM/KME/2408-016', NULL, NULL, '2024-08-14 02:38:41', NULL),
(884, 9, 15, 'BRM/KME/2408-017', NULL, NULL, '2024-08-14 02:38:41', NULL),
(885, 9, 15, 'BRM/KME/2408-018', NULL, NULL, '2024-08-14 02:38:41', NULL),
(886, 9, 15, 'BRM/KME/2408-019', NULL, NULL, '2024-08-14 02:38:41', NULL),
(887, 9, 15, 'BRM/KME/2408-020', NULL, NULL, '2024-08-14 02:38:41', NULL),
(888, 9, 15, 'BRM/KME/2408-021', NULL, NULL, '2024-08-14 02:38:41', NULL),
(889, 9, 15, 'BRM/KME/2408-022', NULL, NULL, '2024-08-14 02:38:41', NULL),
(890, 9, 15, 'BRM/KME/2408-023', NULL, NULL, '2024-08-14 02:38:41', NULL),
(891, 9, 15, 'BRM/KME/2408-024', NULL, NULL, '2024-08-14 02:38:41', NULL),
(892, 9, 15, 'BRM/KME/2408-025', NULL, NULL, '2024-08-14 02:38:41', NULL),
(893, 9, 15, 'BRM/KME/2408-026', NULL, NULL, '2024-08-14 02:38:41', NULL),
(894, 9, 17, 'BRM/LKM/2408-003', NULL, NULL, '2024-08-14 02:38:41', NULL),
(895, 12, 11, 'MRB/MPA/2408-003', NULL, NULL, '2024-08-14 02:38:41', NULL),
(896, 12, 10, 'MRB/TV/2804-003', NULL, NULL, '2024-08-14 02:38:41', NULL),
(897, 12, 4, 'MRB/KBE/2408-030', NULL, NULL, '2024-08-14 02:38:41', NULL),
(898, 12, 4, 'MRB/KBE/2408-031', NULL, NULL, '2024-08-14 02:38:41', NULL),
(899, 12, 4, 'MRB/KBE/2408-032', NULL, NULL, '2024-08-14 02:38:41', NULL),
(900, 12, 4, 'MRB/KBE/2408-033', NULL, NULL, '2024-08-14 02:38:41', NULL),
(901, 12, 5, 'MRB/KBU/2408-004', NULL, NULL, '2024-08-14 02:38:41', NULL),
(902, 12, 5, 'MRB/KBU/2408-005', NULL, NULL, '2024-08-14 02:38:41', NULL),
(903, 12, 5, 'MRB/KBU/2408-006', NULL, NULL, '2024-08-14 02:38:41', NULL),
(904, 12, 5, 'MRB/KBU/2408-007', NULL, NULL, '2024-08-14 02:38:41', NULL),
(905, 12, 5, 'MRB/KBU/2408-008', NULL, NULL, '2024-08-14 02:38:41', NULL),
(906, 12, 3, 'MRB/PPT/2408-007', NULL, NULL, '2024-08-14 02:38:41', NULL),
(907, 18, 11, 'SBG/MPA/2408-004', NULL, NULL, '2024-08-14 02:38:41', NULL),
(908, 18, 10, 'SBG/TV/2408-004', NULL, NULL, '2024-08-14 02:38:41', NULL),
(909, 18, 4, 'SBG/KBE/2408-034', NULL, NULL, '2024-08-14 02:38:41', NULL),
(910, 18, 4, 'SBG/KBE/2408-035', NULL, NULL, '2024-08-14 02:38:41', NULL),
(911, 18, 4, 'SBG/KBE/2408-036', NULL, NULL, '2024-08-14 02:38:41', NULL),
(912, 10, 11, 'LAW/MPA/2408-005', NULL, NULL, '2024-08-14 02:38:41', NULL),
(913, 10, 4, 'LAW/KBE/2408-036', NULL, NULL, '2024-08-14 02:38:41', NULL),
(914, 10, 4, 'LAW/KBE/2408-037', NULL, NULL, '2024-08-14 02:38:41', NULL),
(915, 10, 4, 'LAW/KBE/2408-038', NULL, NULL, '2024-08-14 02:38:41', NULL),
(916, 10, 5, 'LAW/KBU/2408-008', NULL, NULL, '2024-08-14 02:38:41', NULL),
(917, 10, 5, 'LAW/KBU/2408-009', NULL, NULL, '2024-08-14 02:38:41', NULL),
(918, 10, 5, 'LAW/KBU/2408-010', NULL, NULL, '2024-08-14 02:38:41', NULL),
(919, 3, 11, 'FL2/MPA/2408-107', NULL, NULL, '2024-08-14 02:38:41', NULL),
(920, 3, 11, 'FL2/MPA/2408-108', NULL, NULL, '2024-08-14 02:38:41', NULL),
(921, 3, 11, 'FL2/MPA/2408-109', NULL, NULL, '2024-08-14 02:38:41', NULL),
(922, 3, 11, 'FL2/MPA/2408-110', NULL, NULL, '2024-08-14 02:38:41', NULL),
(923, 3, 11, 'FL2/MPA/2408-111', NULL, NULL, '2024-08-14 02:38:41', NULL),
(924, 3, 11, 'FL2/MPA/2408-112', NULL, NULL, '2024-08-14 02:38:41', NULL),
(925, 15, 8, 'P2A/LTI/2408-034', NULL, NULL, '2024-08-14 02:38:41', NULL),
(926, 15, 1, 'P2A/MOF/2408-120', NULL, NULL, '2024-08-14 02:38:41', NULL),
(927, 15, 1, 'P2A/MOF/2408-121', NULL, NULL, '2024-08-14 02:38:41', NULL),
(928, 15, 1, 'P2A/MOF/2408-122', NULL, NULL, '2024-08-14 02:38:41', NULL),
(929, 15, 1, 'P2A/MOF/2408-123', NULL, NULL, '2024-08-14 02:38:41', NULL),
(930, 15, 1, 'P2A/MOF/2408-124', NULL, NULL, '2024-08-14 02:38:41', NULL),
(931, 15, 1, 'P2A/MOF/2408-125', NULL, NULL, '2024-08-14 02:38:41', NULL),
(932, 15, 1, 'P2A/MOF/2408-126', NULL, NULL, '2024-08-14 02:38:41', NULL),
(933, 15, 1, 'P2A/MOF/2408-127', NULL, NULL, '2024-08-14 02:38:41', NULL),
(934, 15, 1, 'P2A/MOF/2408-128', NULL, NULL, '2024-08-14 02:38:41', NULL),
(935, 15, 1, 'P2A/MOF/2408-129', NULL, NULL, '2024-08-14 02:38:41', NULL),
(936, 15, 1, 'P2A/MOF/2408-130', NULL, NULL, '2024-08-14 02:38:41', NULL),
(937, 15, 2, 'P2A/KOF/2408-116', NULL, NULL, '2024-08-14 02:38:41', NULL),
(938, 15, 2, 'P2A/KOF/2408-117', NULL, NULL, '2024-08-14 02:38:41', NULL),
(939, 15, 2, 'P2A/KOF/2408-118', NULL, NULL, '2024-08-14 02:38:41', NULL),
(940, 15, 2, 'P2A/KOF/2408-119', NULL, NULL, '2024-08-14 02:38:41', NULL),
(941, 15, 2, 'P2A/KOF/2408-120', NULL, NULL, '2024-08-14 02:38:41', NULL),
(942, 15, 2, 'P2A/KOF/2408-121', NULL, NULL, '2024-08-14 02:38:41', NULL),
(943, 15, 2, 'P2A/KOF/2408-122', NULL, NULL, '2024-08-14 02:38:41', NULL),
(944, 15, 2, 'P2A/KOF/2408-123', NULL, NULL, '2024-08-14 02:38:41', NULL),
(945, 15, 2, 'P2A/KOF/2408-124', NULL, NULL, '2024-08-14 02:38:41', NULL),
(946, 15, 2, 'P2A/KOF/2408-125', NULL, NULL, '2024-08-14 02:38:41', NULL),
(947, 15, 2, 'P2A/KOF/2408-126', NULL, NULL, '2024-08-14 02:38:41', NULL),
(948, 15, 3, 'P2A/PPT/2408-008', NULL, NULL, '2024-08-14 02:38:41', NULL),
(949, 15, 8, 'P2A/LTI/2408-035', NULL, NULL, '2024-08-14 02:38:41', NULL),
(950, 15, 8, 'P2A/LTI/2408-036', NULL, NULL, '2024-08-14 02:38:41', NULL),
(951, 15, 8, 'P2A/LTI/2408-037', NULL, NULL, '2024-08-14 02:38:41', NULL),
(952, 15, 9, 'P2A/K2P/2408-018', NULL, NULL, '2024-08-14 02:38:41', NULL),
(953, 15, 9, 'P2A/K2P/2408-019', NULL, NULL, '2024-08-14 02:38:41', NULL),
(954, 15, 6, 'P2A/KBA//2408-010', NULL, NULL, '2024-08-14 02:38:41', NULL),
(955, 15, 6, 'P2A/KBA//2408-011', NULL, NULL, '2024-08-14 02:38:41', NULL),
(956, 15, 6, 'P2A/KBA//2408-012', NULL, NULL, '2024-08-14 02:38:41', NULL),
(957, 16, 9, 'P2B/K2P/2408-020', NULL, NULL, '2024-08-14 02:38:41', NULL),
(958, 16, 8, 'P2B/LTI/2408-038', NULL, NULL, '2024-08-14 02:38:41', NULL),
(959, 16, 3, 'P2B/PPT/2408-009', NULL, NULL, '2024-08-14 02:38:41', NULL),
(960, 16, 3, 'P2B/PPT/2408-010', NULL, NULL, '2024-08-14 02:38:41', NULL),
(961, 16, 3, 'P2B/PPT/2408-011', NULL, NULL, '2024-08-14 02:38:41', NULL),
(962, 16, 10, 'P2B/TV/2408-011', NULL, NULL, '2024-08-14 02:38:41', NULL),
(963, 16, 32, 'P2B/MKC/2408-001', NULL, NULL, '2024-08-14 02:38:41', NULL),
(964, 16, 32, 'P2B/MKC/2408-002', NULL, NULL, '2024-08-14 02:38:41', NULL),
(965, 16, 31, 'P2B/MLE/2408-003', NULL, NULL, '2024-08-14 02:38:41', NULL),
(966, 8, 3, 'KOJ/PPT/2408-012', NULL, NULL, '2024-08-14 02:38:41', NULL),
(967, 17, 11, 'RJN/MPJ/2408-107', NULL, NULL, '2024-08-14 02:38:41', NULL),
(968, 17, 2, 'RJN/KOF/2408-147', NULL, NULL, '2024-08-14 02:38:41', NULL),
(969, 17, 2, 'RJN/KOF/2408-148', NULL, NULL, '2024-08-14 02:38:41', NULL),
(970, 17, 2, 'RJN/KOF/2408-149', NULL, NULL, '2024-08-14 02:38:41', NULL),
(971, 17, 2, 'RJN/KOF/2408-150', NULL, NULL, '2024-08-14 02:38:41', NULL),
(972, 17, 2, 'RJN/KOF/2408-151', NULL, NULL, '2024-08-14 02:38:41', NULL),
(973, 17, 2, 'RJN/KOF/2408-152', NULL, NULL, '2024-08-14 02:38:41', NULL),
(974, 17, 3, 'RJN/PPT/2408-013', NULL, NULL, '2024-08-14 02:38:41', NULL),
(975, 17, 12, 'RJN/INF/2408-005', NULL, NULL, '2024-08-14 02:38:41', NULL),
(976, 23, 1, 'OFA/MOF/2408-131', NULL, NULL, '2024-08-14 02:38:41', NULL),
(977, 23, 1, 'OFA/MOF/2408-132', NULL, NULL, '2024-08-14 02:38:41', NULL),
(978, 23, 1, 'OFA/MOF/2408-133', NULL, NULL, '2024-08-14 02:38:41', NULL),
(979, 23, 1, 'OFA/MOF/2408-134', NULL, NULL, '2024-08-14 02:38:41', NULL),
(980, 23, 1, 'OFA/MOF/2408-135', NULL, NULL, '2024-08-14 02:38:41', NULL),
(981, 23, 1, 'OFA/MOF/2408-136', NULL, NULL, '2024-08-14 02:38:41', NULL),
(982, 23, 1, 'OFA/MOF/2408-137', NULL, NULL, '2024-08-14 02:38:41', NULL),
(983, 23, 1, 'OFA/MOF/2408-138', NULL, NULL, '2024-08-14 02:38:41', NULL),
(984, 23, 1, 'OFA/MOF/2408-139', NULL, NULL, '2024-08-14 02:38:41', NULL),
(985, 23, 1, 'OFA/MOF/2408-140', NULL, NULL, '2024-08-14 02:38:41', NULL),
(986, 23, 1, 'OFA/MOF/2408-141', NULL, NULL, '2024-08-14 02:38:41', NULL),
(987, 23, 1, 'OFA/MOF/2408-142', NULL, NULL, '2024-08-14 02:38:41', NULL),
(988, 23, 1, 'OFA/MOF/2408-143', NULL, NULL, '2024-08-14 02:38:41', NULL),
(989, 23, 1, 'OFA/MOF/2408-144', NULL, NULL, '2024-08-14 02:38:41', NULL),
(990, 23, 1, 'OFA/MOF/2408-145', NULL, NULL, '2024-08-14 02:38:41', NULL),
(991, 23, 1, 'OFA/MOF/2408-146', NULL, NULL, '2024-08-14 02:38:41', NULL),
(992, 23, 1, 'OFA/MOF/2408-147', NULL, NULL, '2024-08-14 02:38:41', NULL),
(993, 23, 1, 'OFA/MOF/2408-148', NULL, NULL, '2024-08-14 02:38:41', NULL),
(994, 23, 1, 'OFA/MOF/2408-149', NULL, NULL, '2024-08-14 02:38:41', NULL),
(995, 23, 1, 'OFA/MOF/2408-150', NULL, NULL, '2024-08-14 02:38:41', NULL),
(996, 23, 1, 'OFA/MOF/2408-151', NULL, NULL, '2024-08-14 02:38:41', NULL),
(997, 23, 1, 'OFA/MOF/2408-152', NULL, NULL, '2024-08-14 02:38:41', NULL),
(998, 23, 1, 'OFA/MOF/2408-153', NULL, NULL, '2024-08-14 02:38:41', NULL),
(999, 23, 1, 'OFA/MOF/2408-154', NULL, NULL, '2024-08-14 02:38:41', NULL),
(1000, 23, 2, 'OFA/KOF/2408-127', NULL, NULL, '2024-08-14 02:38:41', NULL),
(1001, 23, 2, 'OFA/KOF/2408-128', NULL, NULL, '2024-08-14 02:38:41', NULL),
(1002, 23, 2, 'OFA/KOF/2408-129', NULL, NULL, '2024-08-14 02:38:41', NULL),
(1003, 23, 2, 'OFA/KOF/2408-130', NULL, NULL, '2024-08-14 02:38:41', NULL),
(1004, 23, 2, 'OFA/KOF/2408-131', NULL, NULL, '2024-08-14 02:38:41', NULL),
(1005, 23, 2, 'OFA/KOF/2408-132', NULL, NULL, '2024-08-14 02:38:41', NULL),
(1006, 23, 2, 'OFA/KOF/2408-133', NULL, NULL, '2024-08-14 02:38:41', NULL),
(1007, 23, 2, 'OFA/KOF/2408-134', NULL, NULL, '2024-08-14 02:38:41', NULL),
(1008, 23, 2, 'OFA/KOF/2408-135', NULL, NULL, '2024-08-14 02:38:41', NULL),
(1009, 23, 2, 'OFA/KOF/2408-136', NULL, NULL, '2024-08-14 02:38:41', NULL),
(1010, 23, 2, 'OFA/KOF/2408-137', NULL, NULL, '2024-08-14 02:38:41', NULL),
(1011, 23, 2, 'OFA/KOF/2408-138', NULL, NULL, '2024-08-14 02:38:41', NULL),
(1012, 23, 2, 'OFA/KOF/2408-139', NULL, NULL, '2024-08-14 02:38:41', NULL),
(1013, 23, 2, 'OFA/KOF/2408-140', NULL, NULL, '2024-08-14 02:38:41', NULL),
(1014, 23, 2, 'OFA/KOF/2408-141', NULL, NULL, '2024-08-14 02:38:41', NULL),
(1015, 23, 2, 'OFA/KOF/2408-142', NULL, NULL, '2024-08-14 02:38:41', NULL),
(1016, 23, 2, 'OFA/KOF/2408-143', NULL, NULL, '2024-08-14 02:38:41', NULL),
(1017, 23, 2, 'OFA/KOF/2408-144', NULL, NULL, '2024-08-14 02:38:41', NULL),
(1018, 23, 2, 'OFA/KOF/2408-145', NULL, NULL, '2024-08-14 02:38:41', NULL),
(1019, 23, 2, 'OFA/KOF/2408-146', NULL, NULL, '2024-08-14 02:38:41', NULL),
(1020, 23, 4, 'OFA/KBA/2408-013', NULL, NULL, '2024-08-14 02:38:41', NULL),
(1021, 23, 4, 'OFA/KBA/2408-014', NULL, NULL, '2024-08-14 02:38:41', NULL),
(1022, 23, 4, 'OFA/KBA/2408-015', NULL, NULL, '2024-08-14 02:38:41', NULL),
(1023, 23, 4, 'OFA/KBA/2408-016', NULL, NULL, '2024-08-14 02:38:41', NULL),
(1024, 23, 9, 'OFA/K2P/2408-046', NULL, NULL, '2024-08-14 02:38:41', NULL),
(1025, 23, 9, 'OFA/K2P/2408-021', NULL, NULL, '2024-08-14 02:38:41', NULL),
(1026, 23, 9, 'OFA/K2P/2408-022', NULL, NULL, '2024-08-14 02:38:41', NULL),
(1027, 23, 9, 'OFA/K2P/2408-023', NULL, NULL, '2024-08-14 02:38:41', NULL),
(1028, 23, 9, 'OFA/K2P/2408-024', NULL, NULL, '2024-08-14 02:38:41', NULL),
(1029, 23, 9, 'OFA/K2P/2408-025', NULL, NULL, '2024-08-14 02:38:41', NULL),
(1030, 23, 9, 'OFA/K2P/2408-026', NULL, NULL, '2024-08-14 02:38:41', NULL),
(1031, 23, 9, 'OFA/K2P/2408-027', NULL, NULL, '2024-08-14 02:38:41', NULL),
(1032, 23, 9, 'OFA/K2P/2408-028', NULL, NULL, '2024-08-14 02:38:41', NULL),
(1033, 23, 9, 'OFA/K2P/2408-029', NULL, NULL, '2024-08-14 02:38:41', NULL),
(1034, 23, 9, 'OFA/K2P/2408-030', NULL, NULL, '2024-08-14 02:38:41', NULL),
(1035, 23, 9, 'OFA/K2P/2408-031', NULL, NULL, '2024-08-14 02:38:41', NULL),
(1036, 23, 9, 'OFA/K2P/2408-032', NULL, NULL, '2024-08-14 02:38:41', NULL),
(1037, 23, 9, 'OFA/K2P/2408-033', NULL, NULL, '2024-08-14 02:38:41', NULL),
(1038, 23, 9, 'OFA/K2P/2408-034', NULL, NULL, '2024-08-14 02:38:41', NULL),
(1039, 23, 9, 'OFA/K2P/2408-035', NULL, NULL, '2024-08-14 02:38:41', NULL),
(1040, 23, 9, 'OFA/K2P/2408-036', NULL, NULL, '2024-08-14 02:38:41', NULL),
(1041, 23, 9, 'OFA/K2P/2408-037', NULL, NULL, '2024-08-14 02:38:41', NULL),
(1042, 23, 9, 'OFA/K2P/2408-038', NULL, NULL, '2024-08-14 02:38:41', NULL),
(1043, 23, 9, 'OFA/K2P/2408-039', NULL, NULL, '2024-08-14 02:38:41', NULL),
(1044, 23, 9, 'OFA/K2P/2408-040', NULL, NULL, '2024-08-14 02:38:41', NULL),
(1045, 23, 9, 'OFA/K2P/2408-013', NULL, NULL, '2024-08-14 02:38:41', NULL),
(1046, 23, 9, 'OFA/K2P/2408-012', NULL, NULL, '2024-08-14 02:38:41', NULL),
(1047, 23, 9, 'OFA/K2P/2408-016', NULL, NULL, '2024-08-14 02:38:41', NULL),
(1048, 23, 9, 'OFA/K2P/2408-017', NULL, NULL, '2024-08-14 02:38:41', NULL),
(1049, 23, 9, 'OFA/K2P/2408-044', NULL, NULL, '2024-08-14 02:38:41', NULL),
(1050, 23, 9, 'OFA/K2P/2408-045', NULL, NULL, '2024-08-14 02:38:41', NULL),
(1051, 23, 27, 'OFA/DIS/2408-002', NULL, NULL, '2024-08-14 02:38:41', NULL),
(1052, 23, 26, 'OFA/KBP/2408-002', NULL, NULL, '2024-08-14 02:38:41', NULL),
(1053, 20, 11, 'UTL/MPA/2408-107', NULL, NULL, '2024-08-14 02:38:41', NULL),
(1054, 20, 3, 'UTL/PPT/2408-014', NULL, NULL, '2024-08-14 02:38:41', NULL),
(1055, 20, 33, 'UTL/MBE/2408-002', NULL, NULL, '2024-08-14 02:38:41', NULL),
(1056, 20, 6, 'UTL/KBA/2408-009', NULL, NULL, '2024-08-14 02:38:41', NULL),
(1057, 20, 6, 'UTL/KBA/2408-007', NULL, NULL, '2024-08-14 02:38:41', NULL),
(1058, 20, 6, 'UTL/KBA/2408-008', NULL, NULL, '2024-08-14 02:38:41', NULL),
(1059, 20, 6, 'UTL/KBA/2408-0341', NULL, NULL, '2024-08-14 02:38:41', NULL),
(1060, 20, 6, 'UTL/KBA/2408-0342', NULL, NULL, '2024-08-14 02:38:41', NULL),
(1061, 20, 6, 'UTL/KBA/2408-343', NULL, NULL, '2024-08-14 02:38:41', NULL),
(1062, 20, 6, 'UTL/KBA/2408-344', NULL, NULL, '2024-08-14 02:38:41', NULL),
(1063, 20, 6, 'UTL/KBA/2408-345', NULL, NULL, '2024-08-14 02:38:41', NULL),
(1064, 20, 6, 'UTL/KBA/2408-346', NULL, NULL, '2024-08-14 02:38:41', NULL),
(1065, 20, 6, 'UTL/KBA/2408-346', NULL, NULL, '2024-08-14 02:38:41', NULL),
(1066, 20, 16, 'UTL/KK/2408-002', NULL, NULL, '2024-08-14 02:38:41', NULL),
(1067, 19, 21, 'TLG/MPA/2408-102', NULL, NULL, '2024-08-14 02:38:41', NULL),
(1068, 19, 11, 'TLG/MPA/2408-103', NULL, NULL, '2024-08-14 02:38:41', NULL),
(1069, 19, 11, 'TLG/MPA/2408-104', NULL, NULL, '2024-08-14 02:38:41', NULL),
(1070, 19, 11, 'TLG/MPA/2408-105', NULL, NULL, '2024-08-14 02:38:41', NULL),
(1071, 19, 2, 'TLG/KOF/2408-103', NULL, NULL, '2024-08-14 02:38:41', NULL),
(1072, 19, 2, 'TLG/KOF/2408-104', NULL, NULL, '2024-08-14 02:38:41', NULL),
(1073, 19, 2, 'TLG/KOF/2408-105', NULL, NULL, '2024-08-14 02:38:41', NULL),
(1074, 19, 2, 'TLG/KOF/2408-106', NULL, NULL, '2024-08-14 02:38:41', NULL),
(1075, 19, 2, 'TLG/KOF/2408-107', NULL, NULL, '2024-08-14 02:38:41', NULL),
(1076, 19, 2, 'TLG/KOF/2408-108', NULL, NULL, '2024-08-14 02:38:41', NULL),
(1077, 19, 2, 'TLG/KOF/2408-109', NULL, NULL, '2024-08-14 02:38:41', NULL),
(1078, 19, 2, 'TLG/KOF/2408-110', NULL, NULL, '2024-08-14 02:38:41', NULL),
(1079, 19, 2, 'TLG/KOF/2408-111', NULL, NULL, '2024-08-14 02:38:41', NULL),
(1080, 19, 1, 'TLG/MOF/2408-115', NULL, NULL, '2024-08-14 02:38:41', NULL),
(1081, 19, 1, 'TLG/MOF/2408-116', NULL, NULL, '2024-08-14 02:38:41', NULL),
(1082, 19, 1, 'TLG/MOF/2408-117', NULL, NULL, '2024-08-14 02:38:41', NULL),
(1083, 19, 1, 'TLG/MOF/2408-118', NULL, NULL, '2024-08-14 02:38:41', NULL),
(1084, 19, 1, 'TLG/MOF/2408-119', NULL, NULL, '2024-08-14 02:38:41', NULL),
(1085, 19, 9, 'TLG/K2P/2408-014', NULL, NULL, '2024-08-14 02:38:41', NULL),
(1086, 19, 30, 'TLG/KPH/2408-001', NULL, NULL, '2024-08-14 02:38:41', NULL),
(1087, 19, 8, 'TLG/LTI/2408-030', NULL, NULL, '2024-08-14 02:38:41', NULL),
(1088, 19, 8, 'TLG/LTI/2408-031', NULL, NULL, '2024-08-14 02:38:41', NULL),
(1089, 19, 3, 'TLG/PPT/2408-015', NULL, NULL, '2024-08-14 02:38:41', NULL),
(1090, 19, 6, 'TLG/KBA/2408-340', NULL, NULL, '2024-08-14 02:38:41', NULL),
(1091, 19, 6, 'TLG/KBA/2408-005', NULL, NULL, '2024-08-14 02:38:41', NULL),
(1092, 19, 6, 'TLG/KBA/2408-006', NULL, NULL, '2024-08-14 02:38:41', NULL),
(1093, 19, 12, 'TLG/INF/2408-004', NULL, NULL, '2024-08-14 02:38:41', NULL),
(1094, 19, 19, 'TLG/KPA/2408-004', NULL, NULL, '2024-08-14 02:38:41', NULL),
(1095, 19, 19, 'TLG/KPA/2408-005', NULL, NULL, '2024-08-14 02:38:41', NULL),
(1096, 21, 21, 'WHF/MMA/2408-013', NULL, NULL, '2024-08-14 02:38:41', NULL),
(1097, 21, 21, 'WHF/MMA/2408-014', NULL, NULL, '2024-08-14 02:38:41', NULL),
(1098, 21, 1, 'WHF/MOF/2408-105', NULL, NULL, '2024-08-14 02:38:41', NULL),
(1099, 21, 1, 'WHF/MOF/2408-106', NULL, NULL, '2024-08-14 02:38:41', NULL),
(1100, 21, 1, 'WHF/MOF/2408-107', NULL, NULL, '2024-08-14 02:38:41', NULL),
(1101, 21, 1, 'WHF/MOF/2408-108', NULL, NULL, '2024-08-14 02:38:41', NULL),
(1102, 21, 1, 'WHF/MOF/2408-109', NULL, NULL, '2024-08-14 02:38:41', NULL),
(1103, 21, 1, 'WHF/MOF/2408-110', NULL, NULL, '2024-08-14 02:38:41', NULL),
(1104, 21, 1, 'WHF/MOF/2408-111', NULL, NULL, '2024-08-14 02:38:41', NULL),
(1105, 21, 1, 'WHF/MOF/2408-112', NULL, NULL, '2024-08-14 02:38:41', NULL),
(1106, 21, 1, 'WHF/MOF/2408-113', NULL, NULL, '2024-08-14 02:38:41', NULL),
(1107, 21, 1, 'WHF/MOF/2408-114', NULL, NULL, '2024-08-14 02:38:41', NULL),
(1108, 21, 2, 'WHF/KOF/2408-092', NULL, NULL, '2024-08-14 02:38:41', NULL),
(1109, 21, 2, 'WHF/KOF/2408-093', NULL, NULL, '2024-08-14 02:38:41', NULL),
(1110, 21, 2, 'WHF/KOF/2408-094', NULL, NULL, '2024-08-14 02:38:41', NULL),
(1111, 21, 2, 'WHF/KOF/2408-095', NULL, NULL, '2024-08-14 02:38:41', NULL),
(1112, 21, 2, 'WHF/KOF/2408-096', NULL, NULL, '2024-08-14 02:38:41', NULL),
(1113, 21, 2, 'WHF/KOF/2408-097', NULL, NULL, '2024-08-14 02:38:41', NULL),
(1114, 21, 2, 'WHF/KOF/2408-098', NULL, NULL, '2024-08-14 02:38:41', NULL),
(1115, 21, 2, 'WHF/KOF/2408-099', NULL, NULL, '2024-08-14 02:38:41', NULL),
(1116, 21, 2, 'WHF/KOF/2408-100', NULL, NULL, '2024-08-14 02:38:41', NULL),
(1117, 21, 2, 'WHF/KOF/2408-101', NULL, NULL, '2024-08-14 02:38:41', NULL),
(1118, 21, 2, 'WHF/KOF/2408-102', NULL, NULL, '2024-08-14 02:38:41', NULL),
(1119, 21, 11, 'WHF/MPA/2408-102', NULL, NULL, '2024-08-14 02:38:41', NULL),
(1120, 21, 6, 'WHF/KBA/2408-357', NULL, NULL, '2024-08-14 02:38:41', NULL),
(1121, 21, 6, 'WHF/KBA/2408-358', NULL, NULL, '2024-08-14 02:38:41', NULL),
(1122, 21, 6, 'WHF/KBA/2408-359', NULL, NULL, '2024-08-14 02:38:41', NULL),
(1123, 21, 10, 'WHF/TV/2408-007', NULL, NULL, '2024-08-14 02:38:41', NULL),
(1124, 21, 10, 'WHF/TV/2408-008', NULL, NULL, '2024-08-14 02:38:41', NULL),
(1125, 21, 10, 'WHF/TV/2408-009', NULL, NULL, '2024-08-14 02:38:41', NULL),
(1126, 21, 10, 'WHF/TV/2408-010', NULL, NULL, '2024-08-14 02:38:41', NULL),
(1127, 21, 3, 'WHF/PPT/2408-016', NULL, NULL, '2024-08-14 02:38:41', NULL),
(1128, 21, 19, 'WHF/KPA/2408-002', NULL, NULL, '2024-08-14 02:38:41', NULL),
(1129, 21, 19, 'WHF/KPA/2408-003', NULL, NULL, '2024-08-14 02:38:41', NULL),
(1130, 21, 8, 'WHR/LTI/2408-030', NULL, NULL, '2024-08-14 02:38:41', NULL),
(1131, 21, 8, 'WHR/LTI/2408-031', NULL, NULL, '2024-08-14 02:38:41', NULL),
(1132, 21, 8, 'WHR/LTI/2408-032', NULL, NULL, '2024-08-14 02:38:41', NULL),
(1133, 21, 9, 'WHR/K2P/2408-043', NULL, NULL, '2024-08-14 02:38:41', NULL),
(1134, 21, 9, 'WHR/K2P/2408-015', NULL, NULL, '2024-08-14 02:38:41', NULL),
(1135, 14, 10, 'P1/TV/2408-007', NULL, NULL, '2024-08-14 02:38:41', NULL),
(1136, 14, 3, 'P1/PPT/2408-017', NULL, NULL, '2024-08-14 02:38:41', NULL),
(1137, 14, 3, 'P1/PPT/2408-018', NULL, NULL, '2024-08-14 02:38:41', NULL),
(1138, 14, 3, 'P1/PPT/2408-019', NULL, NULL, '2024-08-14 02:38:41', NULL),
(1139, 14, 3, 'P1/PPT/2408-020', NULL, NULL, '2024-08-14 02:38:41', NULL),
(1140, 14, 3, 'P1/PPT/2408-021', NULL, NULL, '2024-08-14 02:38:41', NULL),
(1141, 14, 3, 'P1/PPT/2408-022', NULL, NULL, '2024-08-14 02:38:41', NULL),
(1142, 14, 3, 'P1/PPT/2408-023', NULL, NULL, '2024-08-14 02:38:41', NULL),
(1143, 14, 3, 'P1/PPT/2408-024', NULL, NULL, '2024-08-14 02:38:41', NULL),
(1144, 14, 3, 'P1/PPT/2408-025', NULL, NULL, '2024-08-14 02:38:41', NULL),
(1145, 14, 29, 'P1/L3P/2408-001', NULL, NULL, '2024-08-14 02:38:41', NULL),
(1146, 14, 29, 'P1/L3P/2408-002', NULL, NULL, '2024-08-14 02:38:41', NULL),
(1147, 14, 29, 'P1/L3P/2408-003', NULL, NULL, '2024-08-14 02:38:41', NULL),
(1148, 14, 29, 'P1/L3P/2408-004', NULL, NULL, '2024-08-14 02:38:41', NULL),
(1149, 14, 29, 'P1/L3P/2408-005', NULL, NULL, '2024-08-14 02:38:41', NULL),
(1150, 14, 29, 'P1/L3P/2408-006', NULL, NULL, '2024-08-14 02:38:41', NULL),
(1151, 14, 9, 'P1/K2P/2408-010', NULL, NULL, '2024-08-14 02:38:41', NULL),
(1152, 14, 9, 'P1/K2P/2408-011', NULL, NULL, '2024-08-14 02:38:41', NULL),
(1153, 14, 9, 'P1/K2P/2408-041', NULL, NULL, '2024-08-14 02:38:41', NULL),
(1154, 14, 9, 'P1/K2P/2408-042', NULL, NULL, '2024-08-14 02:38:41', NULL),
(1155, 14, 25, 'P1/LCI/2408-004', NULL, NULL, '2024-08-14 02:38:41', NULL),
(1156, 14, 25, 'P1/LCI/2408-005', NULL, NULL, '2024-08-14 02:38:41', NULL),
(1157, 14, 25, 'P1/LCI/2408-006', NULL, NULL, '2024-08-14 02:38:41', NULL),
(1158, 14, 25, 'P1/LCI/2408-007', NULL, NULL, '2024-08-14 02:38:41', NULL),
(1159, 14, 25, 'P1/LCI/2408-008', NULL, NULL, '2024-08-14 02:38:41', NULL),
(1160, 14, 25, 'P1/LCI/2408-009', NULL, NULL, '2024-08-14 02:38:41', NULL),
(1161, 14, 25, 'P1/LCI/2408-010', NULL, NULL, '2024-08-14 02:38:41', NULL),
(1162, 14, 25, 'P1/LCI/2408-011', NULL, NULL, '2024-08-14 02:38:41', NULL),
(1163, 14, 25, 'P1/LCI/2408-012', NULL, NULL, '2024-08-14 02:38:41', NULL),
(1164, 14, 25, 'P1/LCI/2408-013', NULL, NULL, '2024-08-14 02:38:41', NULL),
(1165, 14, 25, 'P1/LCI/2408-014', NULL, NULL, '2024-08-14 02:38:41', NULL),
(1166, 14, 25, 'P1/LCI/2408-015', NULL, NULL, '2024-08-14 02:38:41', NULL),
(1167, 14, 25, 'P1/LCI/2408-016', NULL, NULL, '2024-08-14 02:38:41', NULL),
(1168, 14, 11, 'P1/MPA/2408-101', NULL, NULL, '2024-08-14 02:38:41', NULL),
(1169, 14, 1, 'P1/MOF/2408-093', NULL, NULL, '2024-08-14 02:38:41', NULL),
(1170, 14, 1, 'P1/MOF/2408-094', NULL, NULL, '2024-08-14 02:38:41', NULL),
(1171, 14, 1, 'P1/MOF/2408-095', NULL, NULL, '2024-08-14 02:38:41', NULL),
(1172, 14, 1, 'P1/MOF/2408-096', NULL, NULL, '2024-08-14 02:38:41', NULL),
(1173, 14, 1, 'P1/MOF/2408-097', NULL, NULL, '2024-08-14 02:38:41', NULL),
(1174, 14, 1, 'P1/MOF/2408-098', NULL, NULL, '2024-08-14 02:38:41', NULL),
(1175, 14, 1, 'P1/MOF/2408-099', NULL, NULL, '2024-08-14 02:38:41', NULL),
(1176, 14, 1, 'P1/MOF/2408-100', NULL, NULL, '2024-08-14 02:38:41', NULL),
(1177, 14, 1, 'P1/MOF/2408-101', NULL, NULL, '2024-08-14 02:38:41', NULL),
(1178, 14, 1, 'P1/MOF/2408-102', NULL, NULL, '2024-08-14 02:38:41', NULL),
(1179, 14, 1, 'P1/MOF/2408-103', NULL, NULL, '2024-08-14 02:38:41', NULL),
(1180, 14, 1, 'P1/MOF/2408-104', NULL, NULL, '2024-08-14 02:38:41', NULL),
(1181, 14, 2, 'P1/KOF/2408-093', NULL, NULL, '2024-08-14 02:38:41', NULL),
(1182, 14, 2, 'P1/KOF/2408-094', NULL, NULL, '2024-08-14 02:38:41', NULL),
(1183, 14, 2, 'P1/KOF/2408-095', NULL, NULL, '2024-08-14 02:38:41', NULL),
(1184, 14, 2, 'P1/KOF/2408-096', NULL, NULL, '2024-08-14 02:38:41', NULL),
(1185, 14, 2, 'P1/KOF/2408-097', NULL, NULL, '2024-08-14 02:38:41', NULL),
(1186, 14, 2, 'P1/KOF/2408-098', NULL, NULL, '2024-08-14 02:38:41', NULL),
(1187, 14, 2, 'P1/KOF/2408-099', NULL, NULL, '2024-08-14 02:38:41', NULL),
(1188, 14, 2, 'P1/KOF/2408-100', NULL, NULL, '2024-08-14 02:38:41', NULL),
(1189, 14, 2, 'P1/KOF/2408-101', NULL, NULL, '2024-08-14 02:38:41', NULL),
(1190, 14, 2, 'P1/KOF/2408-102', NULL, NULL, '2024-08-14 02:38:41', NULL),
(1191, 14, 2, 'P1/KOF/2408-103', NULL, NULL, '2024-08-14 02:38:41', NULL),
(1192, 14, 2, 'P1/KOF/2408-104', NULL, NULL, '2024-08-14 02:38:41', NULL),
(1193, 14, 2, 'P1/KOF/2408-105', NULL, NULL, '2024-08-14 02:38:41', NULL),
(1194, 14, 2, 'P1/KOF/2408-106', NULL, NULL, '2024-08-14 02:38:41', NULL),
(1195, 14, 8, 'P1/LTI/2408-028', NULL, NULL, '2024-08-14 02:38:41', NULL),
(1196, 14, 8, 'P1/LTI/2408-029', NULL, NULL, '2024-08-14 02:38:41', NULL),
(1197, 14, 9, 'P1/K2P/2408-010', NULL, NULL, '2024-08-14 02:38:41', NULL),
(1198, 14, 9, 'P1/K2P/2408-011', NULL, NULL, '2024-08-14 02:38:41', NULL),
(1199, 22, 11, 'WHR/MPA/2408-095', NULL, NULL, '2024-08-14 02:38:41', NULL),
(1200, 22, 11, 'WHR/MPA/2408-096', NULL, NULL, '2024-08-14 02:38:41', NULL),
(1201, 22, 11, 'WHR/MPA/2408-097', NULL, NULL, '2024-08-14 02:38:41', NULL),
(1202, 22, 11, 'WHR/MPA/2408-098', NULL, NULL, '2024-08-14 02:38:41', NULL),
(1203, 22, 11, 'WHR/MPA/2408-099', NULL, NULL, '2024-08-14 02:38:41', NULL),
(1204, 22, 11, 'WHR/MPA/2408-100', NULL, NULL, '2024-08-14 02:38:41', NULL),
(1205, 22, 2, 'WHR/KOF/2408-093', NULL, NULL, '2024-08-14 02:38:41', NULL),
(1206, 22, 2, 'WHR/KOF/2408-094', NULL, NULL, '2024-08-14 02:38:41', NULL),
(1207, 22, 2, 'WHR/KOF/2408-095', NULL, NULL, '2024-08-14 02:38:41', NULL),
(1208, 22, 2, 'WHR/KOF/2408-096', NULL, NULL, '2024-08-14 02:38:41', NULL),
(1209, 22, 2, 'WHR/KOF/2408-097', NULL, NULL, '2024-08-14 02:38:41', NULL),
(1210, 22, 2, 'WHR/KOF/2408-098', NULL, NULL, '2024-08-14 02:38:41', NULL),
(1211, 22, 2, 'WHR/KOF/2408-099', NULL, NULL, '2024-08-14 02:38:41', NULL),
(1212, 22, 3, 'WHR/PPT/2408-026', NULL, NULL, '2024-08-14 02:38:41', NULL),
(1213, 22, 19, 'WHR/KPA/2408-001', NULL, NULL, '2024-08-14 02:38:41', NULL),
(1214, 22, 9, 'WHR/K2P/2408-009', NULL, NULL, '2024-08-14 02:38:41', NULL),
(1215, 22, 8, 'WHR/LTI/2408-019', NULL, NULL, '2024-08-14 02:38:41', NULL),
(1216, 22, 8, 'WHR/LTI/2408-020', NULL, NULL, '2024-08-14 02:38:41', NULL),
(1217, 22, 8, 'WHR/LTI/2408-021', NULL, NULL, '2024-08-14 02:38:41', NULL),
(1218, 22, 8, 'WHR/LTI/2408-022', NULL, NULL, '2024-08-14 02:38:41', NULL),
(1219, 22, 8, 'WHR/LTI/2408-023', NULL, NULL, '2024-08-14 02:38:41', NULL),
(1220, 22, 8, 'WHR/LTI/2408-024', NULL, NULL, '2024-08-14 02:38:41', NULL),
(1221, 22, 8, 'WHR/LTI/2408-025', NULL, NULL, '2024-08-14 02:38:41', NULL),
(1222, 22, 8, 'WHR/LTI/2408-026', NULL, NULL, '2024-08-14 02:38:41', NULL),
(1223, 22, 8, 'WHR/LTI/2408-027', NULL, NULL, '2024-08-14 02:38:41', NULL),
(1224, 22, 5, 'WHR/KBU/2408-014', NULL, NULL, '2024-08-14 02:38:41', NULL),
(1225, 22, 5, 'WHR/KBU/2408-015', NULL, NULL, '2024-08-14 02:38:41', NULL),
(1226, 22, 5, 'WHR/KBU/2408-016', NULL, NULL, '2024-08-14 02:38:41', NULL),
(1227, 22, 5, 'WHR/KBU/2408-017', NULL, NULL, '2024-08-14 02:38:41', NULL),
(1228, 22, 5, 'WHR/KBU/2408-018', NULL, NULL, '2024-08-14 02:38:41', NULL),
(1229, 22, 10, 'WHR/TV/2408-006', NULL, NULL, '2024-08-14 02:38:41', NULL),
(1230, 5, 10, 'IQC/TV/2408-005', NULL, NULL, '2024-08-14 02:38:41', NULL),
(1231, 5, 25, 'IQC/LCI/2408-002', NULL, NULL, '2024-08-14 02:38:41', NULL),
(1232, 5, 25, 'IQC/LCI/2408-003', NULL, NULL, '2024-08-14 02:38:41', NULL),
(1233, 4, 11, 'IQC/TV/2408-005', NULL, NULL, '2024-08-14 02:38:41', NULL),
(1234, 4, 8, 'IQC/LCI/2408-002', NULL, NULL, '2024-08-14 02:38:41', NULL),
(1235, 4, 7, 'IQC/LCI/2408-003', NULL, NULL, '2024-08-14 02:38:41', NULL),
(1236, 4, 7, 'INV/MBE/2408-006', NULL, NULL, '2024-08-14 02:38:41', NULL),
(1237, 4, 7, 'INV/MBE/2408-007', NULL, NULL, '2024-08-14 02:38:41', NULL),
(1238, 4, 6, 'INV/KBA/2408-360', NULL, NULL, '2024-08-14 02:38:41', NULL),
(1239, 4, 6, 'INV/KBA/2408-361', NULL, NULL, '2024-08-14 02:38:41', NULL),
(1240, 4, 6, 'INV/KBA/2408-362', NULL, NULL, '2024-08-14 02:38:41', NULL),
(1241, 4, 6, 'INV/KBA/2408-363', NULL, NULL, '2024-08-14 02:38:41', NULL),
(1242, 4, 6, 'INV/KBA/2408-364', NULL, NULL, '2024-08-14 02:38:41', NULL),
(1243, 4, 3, 'INV/PPT/2408-027', NULL, NULL, '2024-08-14 02:38:41', NULL),
(1244, 4, 3, 'INV/PPT/2408-028', NULL, NULL, '2024-08-14 02:38:41', NULL),
(1245, 4, 9, 'INV/K2P/2408-047', NULL, NULL, '2024-08-14 02:38:41', NULL),
(1246, 4, 9, 'INV/K2P/2408-048', NULL, NULL, '2024-08-14 02:38:41', NULL),
(1247, 4, 31, 'INV/MLE/2408-004', NULL, NULL, '2024-08-14 02:38:41', NULL),
(1248, 4, 2, 'INV/KOF/2408-100', NULL, NULL, '2024-08-14 02:38:41', NULL),
(1249, 4, 2, 'INV/KOF/2408-101', NULL, NULL, '2024-08-14 02:38:41', NULL),
(1250, 4, 2, 'INV/KOF/2408-102', NULL, NULL, '2024-08-14 02:38:41', NULL),
(1251, 4, 2, 'INV/KOF/2408-103', NULL, NULL, '2024-08-14 02:38:41', NULL);

-- --------------------------------------------------------

--
-- Table structure for table `users`
--

CREATE TABLE `users` (
  `id` bigint UNSIGNED NOT NULL,
  `name` varchar(255) CHARACTER SET utf8mb4 COLLATE utf8mb4_unicode_ci NOT NULL,
  `email` varchar(255) CHARACTER SET utf8mb4 COLLATE utf8mb4_unicode_ci DEFAULT NULL,
  `email_verified_at` timestamp NULL DEFAULT NULL,
  `password` varchar(255) CHARACTER SET utf8mb4 COLLATE utf8mb4_unicode_ci NOT NULL,
  `two_factor_secret` text CHARACTER SET utf8mb4 COLLATE utf8mb4_unicode_ci,
  `two_factor_recovery_codes` text CHARACTER SET utf8mb4 COLLATE utf8mb4_unicode_ci,
  `two_factor_confirmed_at` timestamp NULL DEFAULT NULL,
  `remember_token` varchar(100) CHARACTER SET utf8mb4 COLLATE utf8mb4_unicode_ci DEFAULT NULL,
  `created_at` timestamp NULL DEFAULT NULL,
  `updated_at` timestamp NULL DEFAULT NULL,
  `lang` varchar(255) CHARACTER SET utf8mb4 COLLATE utf8mb4_unicode_ci NOT NULL DEFAULT 'en',
  `custom_fields` json DEFAULT NULL,
  `avatar_url` varchar(255) CHARACTER SET utf8mb4 COLLATE utf8mb4_unicode_ci DEFAULT NULL,
  `nik` varchar(255) CHARACTER SET utf8mb4 COLLATE utf8mb4_unicode_ci NOT NULL,
  `theme` varchar(255) CHARACTER SET utf8mb4 COLLATE utf8mb4_unicode_ci DEFAULT 'default',
  `theme_color` varchar(255) CHARACTER SET utf8mb4 COLLATE utf8mb4_unicode_ci DEFAULT NULL,
  `role` varchar(255) CHARACTER SET utf8mb4 COLLATE utf8mb4_unicode_ci NOT NULL DEFAULT 'USER'
) ENGINE=InnoDB DEFAULT CHARSET=utf8mb4 COLLATE=utf8mb4_unicode_ci ROW_FORMAT=DYNAMIC;

--
-- Dumping data for table `users`
--

INSERT INTO `users` (`id`, `name`, `email`, `email_verified_at`, `password`, `two_factor_secret`, `two_factor_recovery_codes`, `two_factor_confirmed_at`, `remember_token`, `created_at`, `updated_at`, `lang`, `custom_fields`, `avatar_url`, `nik`, `theme`, `theme_color`, `role`) VALUES
(12, 'Tri Julia Agustin', 'admin@gmail.com', NULL, '$2y$12$VJNz7tcdfAZh08CBEr7bKOuixxJ9mxUUOvdRXgzfrcRLPCcD9c/4G', NULL, NULL, NULL, 'lOQ2wlUBT1rcCf86okpuMBvJrT0z3JgRS9VhJIfIfasHTtXQFxt8Xy77vseg', '2024-08-06 01:27:25', '2024-08-07 21:52:28', 'en', NULL, NULL, '14051073', 'default', NULL, 'ADMINHR'),
(13, 'Pratama Handika Rudiyanta', NULL, NULL, '$2y$10$Fhd75Nh.CXXzVVxcHlMgZ.2TxMCEW7nQyg7jKRwXYIn6d0KWsfUqu', NULL, NULL, NULL, NULL, '2024-08-06 18:41:17', '2024-08-13 02:02:38', 'en', NULL, NULL, '23105984', 'default', NULL, 'USER'),
(14, 'Renata Arthaully Christania Siagian', NULL, NULL, '$2y$10$gTWoIf6dwfgkrj22Q.k8m.5tqzesSAdLGOiOCLYc5cU2d4tWfnyLq', NULL, NULL, NULL, 'AfVRs9hXMsYfF84e8LyKpYZsSdBY8PgdPRAv4en2wC74NOYOo9g4XJs5dqe0', '2024-08-06 21:49:30', '2024-08-11 19:14:52', 'en', NULL, NULL, '23035833', 'default', NULL, 'ADMINGA'),
(15, 'Oki Lesmana', NULL, NULL, '$2y$10$T.rZoDlu3CKJziUv51MEhe98zG64TKHVYiGqD/3RgzVfYqt5D.Jeu', NULL, NULL, NULL, NULL, '2024-08-06 22:25:39', '2024-08-11 19:15:08', 'en', NULL, NULL, '22105657', 'default', NULL, 'ADMINUTILITY'),
(16, 'Heru Agus Kurniawanto', NULL, NULL, '$2y$10$7Y2VnqQwEm0kfswH4I7abeBXKPf24SnvJjWMpEWws/rYaQTRpidF6', NULL, NULL, NULL, NULL, '2024-08-06 22:26:34', '2024-08-11 19:15:31', 'en', NULL, NULL, '20034748', 'default', NULL, 'ADMINUTILITY'),
(17, 'Wahyu', NULL, NULL, '$2y$10$cDJdqpnb5XM0IqFC.jznyONTc1A4lqTiziQqbCnmfgx061w4l8RoW', NULL, NULL, NULL, NULL, '2024-08-07 20:45:20', '2024-08-11 21:45:08', 'en', NULL, NULL, '20230062', 'default', NULL, 'SECURITY'),
(20, 'Oki Lesmana', NULL, NULL, '$2y$10$Hdug6KZ8v5j3JwWlReIvZuv5p96z8bLK9gj/bgMpr.N98a2ee3e/u', NULL, NULL, NULL, NULL, '2024-08-11 01:13:12', '2024-08-11 18:24:19', 'en', NULL, NULL, '22105657', 'default', NULL, 'ADMINUTILITY'),
(24, 'Widi Fajar Satritama', NULL, NULL, '$2y$10$nL8F9fdGk9fs8wvIeZnHVePBXD5VHTwsozcER9.0rUwQPq3vZp7Ou', NULL, NULL, NULL, NULL, '2024-08-11 18:10:24', '2024-08-12 23:07:00', 'en', NULL, NULL, '22095652', 'default', NULL, 'SUPERADMIN'),
(25, 'Super Admin', NULL, NULL, '$2y$10$p09ZYp3eyZA3/H9qrtQpd.uW.8wliqVjPBMjGOf9t8hdxu3UsRhZa', NULL, NULL, NULL, NULL, '2024-08-11 18:24:50', '2024-08-11 18:24:50', 'en', NULL, NULL, '00', 'default', NULL, 'SUPERADMIN'),
(26, 'Dwiki Arief Wicaksana', NULL, NULL, '$2y$10$y42HLQNC1wslIN8e7dbXYOSPaOUS09FEpQfip/AOeKE2coYQgLYy6', NULL, NULL, NULL, NULL, '2024-08-12 02:05:50', '2024-08-12 02:05:50', 'en', NULL, NULL, '23045859', 'default', NULL, 'USER'),
(27, 'Ananda Fauziah', NULL, NULL, '$2y$10$ou91SZvSO8XarKuh.0ZQg.2mdKpl1wwlH1iFiVgjZqJ91.VyTmzDi', NULL, NULL, NULL, NULL, '2024-08-12 20:12:32', '2024-08-13 01:07:11', 'en', NULL, NULL, '24000152', 'default', NULL, 'ADMINGA'),
(28, 'Dwi Kurniati', NULL, NULL, '$2y$10$MReSOvhFTE558tIPavMXKuQEdybfCgwEuBxuCwaYqGOz2bv1JZOFG', NULL, NULL, NULL, NULL, '2024-08-13 01:51:50', '2024-08-13 01:51:50', 'en', NULL, NULL, '18104196', 'default', NULL, 'ADMINGA');

--
-- Indexes for dumped tables
--

--
-- Indexes for table `areas`
--
ALTER TABLE `areas`
  ADD PRIMARY KEY (`id`);

--
-- Indexes for table `breezy_sessions`
--
ALTER TABLE `breezy_sessions`
  ADD PRIMARY KEY (`id`),
  ADD KEY `breezy_sessions_authenticatable_type_authenticatable_id_index` (`authenticatable_type`,`authenticatable_id`);

--
-- Indexes for table `categories`
--
ALTER TABLE `categories`
  ADD PRIMARY KEY (`id`);

--
-- Indexes for table `data_fasilitas`
--
ALTER TABLE `data_fasilitas`
  ADD PRIMARY KEY (`id`),
  ADD KEY `data_fasilitas_area_id_foreign` (`area_id`),
  ADD KEY `data_fasilitas_category_id_foreign` (`category_id`);

--
-- Indexes for table `users`
--
ALTER TABLE `users`
  ADD PRIMARY KEY (`id`) USING BTREE,
  ADD UNIQUE KEY `users_email_unique` (`email`) USING BTREE;

--
-- AUTO_INCREMENT for dumped tables
--

--
-- AUTO_INCREMENT for table `areas`
--
ALTER TABLE `areas`
  MODIFY `id` bigint UNSIGNED NOT NULL AUTO_INCREMENT, AUTO_INCREMENT=24;

--
-- AUTO_INCREMENT for table `breezy_sessions`
--
ALTER TABLE `breezy_sessions`
  MODIFY `id` bigint UNSIGNED NOT NULL AUTO_INCREMENT, AUTO_INCREMENT=2;

--
-- AUTO_INCREMENT for table `categories`
--
ALTER TABLE `categories`
  MODIFY `id` bigint UNSIGNED NOT NULL AUTO_INCREMENT, AUTO_INCREMENT=34;

--
-- AUTO_INCREMENT for table `data_fasilitas`
--
ALTER TABLE `data_fasilitas`
  MODIFY `id` bigint UNSIGNED NOT NULL AUTO_INCREMENT, AUTO_INCREMENT=1253;

--
-- AUTO_INCREMENT for table `users`
--
ALTER TABLE `users`
  MODIFY `id` bigint UNSIGNED NOT NULL AUTO_INCREMENT, AUTO_INCREMENT=29;

--
-- Constraints for dumped tables
--

--
-- Constraints for table `data_fasilitas`
--
ALTER TABLE `data_fasilitas`
  ADD CONSTRAINT `data_fasilitas_area_id_foreign` FOREIGN KEY (`area_id`) REFERENCES `areas` (`id`) ON DELETE CASCADE,
  ADD CONSTRAINT `data_fasilitas_category_id_foreign` FOREIGN KEY (`category_id`) REFERENCES `categories` (`id`) ON DELETE CASCADE;
COMMIT;

/*!40101 SET CHARACTER_SET_CLIENT=@OLD_CHARACTER_SET_CLIENT */;
/*!40101 SET CHARACTER_SET_RESULTS=@OLD_CHARACTER_SET_RESULTS */;
/*!40101 SET COLLATION_CONNECTION=@OLD_COLLATION_CONNECTION */;
